dataset_index,image_id,label,prediction,correct,gradcam_localization,finer_cam_localization
0,1,0,0,True,0.8558055803162509,0.8369250500789843
1,3,0,0,True,0.7034326970086374,0.7061149994425129
2,6,0,0,True,0.5215537578735886,0.554116407412447
3,10,0,2,False,0.9624291935376523,0.9529990864353278
4,12,0,0,True,0.5740601472312189,0.520310846897376
5,13,0,2,False,0.8483499570672652,0.7463691471217214
6,14,0,0,True,0.8054429058669226,0.8243938071073946
7,16,0,0,True,0.7868795213738099,0.7710886090136313
8,17,0,0,True,0.7659730721076883,0.7925506129283796
9,19,0,0,True,0.467189929971455,0.5496423523473957
10,22,0,0,True,0.9583091508422209,0.9671623311196188
11,24,0,0,True,0.701083366286871,0.7894028571841294
12,25,0,0,True,0.5550251165077128,0.5753959624235891
13,26,0,2,False,0.5277901656739137,0.614720164841034
14,27,0,0,True,0.7419278300118919,0.788176785208839
15,28,0,0,True,0.930994664181017,0.9350628361181258
16,29,0,0,True,0.7429306624083751,0.6693229163824678
17,33,0,0,True,0.7393942754180591,0.7341135997516889
18,34,0,0,True,0.893316219564571,0.8671836025029137
19,38,0,0,True,0.7843258743878814,0.8056610956777522
20,39,0,0,True,0.6273379607886788,0.6070524960774427
21,44,0,0,True,0.5659342641002949,0.5272579503670151
22,45,0,0,True,0.8339094971953347,0.8530331626827594
23,47,0,0,True,0.6727636641374913,0.6569106449769495
24,48,0,1,False,0.2197809550381938,0.18066000538052934
25,50,0,0,True,0.609877015708239,0.6352414673015223
26,52,0,2,False,0.2678298400054211,0.2443548618258674
27,54,0,0,True,0.450113201364708,0.377828161524582
28,57,0,0,True,0.2963180586502488,0.23355301656822472
29,59,0,0,True,0.7785367484373638,0.7899574495633257
30,61,1,1,True,0.6793225561755135,0.5239983827276883
31,63,1,1,True,0.6837061561072485,0.630684359624273
32,65,1,100,False,0.731958847856922,0.7217704992533096
33,68,1,1,True,0.5131021882254297,0.4971572402237593
34,70,1,1,True,0.3213553435656759,0.39166532059394266
35,71,1,1,True,0.5846778548601688,0.608517459604777
36,76,1,1,True,0.8000272120893487,0.6358384894055602
37,79,1,1,True,0.7208870620801664,0.6613078632525304
38,82,1,1,True,0.6110793897263644,0.6813164943854181
39,83,1,1,True,0.48024199899506065,0.4709270217823597
40,85,1,1,True,0.9494773617027763,0.9520606139453968
41,87,1,44,False,0.9641994444631459,0.9759794082460264
42,88,1,1,True,0.4081244206037143,0.35433098487951814
43,90,1,1,True,0.6530717898414897,0.709541833461382
44,91,1,45,False,0.26042948764096946,0.21466373618615675
45,92,1,1,True,0.8760505861514246,0.8601641835596295
46,93,1,1,True,0.6646054242870149,0.44483362061478765
47,94,1,1,True,0.7299619146573932,0.6677828348963785
48,95,1,1,True,0.40133862405726217,0.37335657738182404
49,98,1,1,True,0.6797845631340778,0.7182396234865822
50,100,1,64,False,0.8522171980935288,0.8240500731697332
51,101,1,1,True,0.6601636557360692,0.7333998301784681
52,103,1,1,True,0.4934580379028526,0.5860217748500232
53,106,1,65,False,0.811891275709435,0.7906557987167034
54,107,1,1,True,0.6211524715286554,0.4849729583706045
55,108,1,1,True,0.32604371260718223,0.39761366018445765
56,112,1,1,True,0.4973648971684445,0.5862915193517682
57,114,1,1,True,0.7490458280414588,0.7859596932175031
58,118,1,1,True,0.4347129236612234,0.4136518323750745
59,119,1,1,True,0.7451496263113692,0.770522718645923
60,126,2,2,True,0.8664281061633091,0.8876532616109853
61,129,2,2,True,0.3245396545536596,0.2910526809537606
62,130,2,2,True,0.7981101549233462,0.8680306505689737
63,132,2,2,True,0.9963985719705004,0.9934580843177131
64,133,2,2,True,0.3536065781322192,0.38784664941939806
65,134,2,2,True,0.4808577166019784,0.5878233122166577
66,135,2,2,True,0.3858823139507143,0.44336749780486795
67,139,2,2,True,0.7806405297485832,0.7745369615475253
68,144,2,2,True,0.9272438368411364,0.9065962249504713
69,146,2,2,True,0.3094607235076631,0.261649881223906
70,147,2,2,True,0.9268173381448775,0.9094683658747373
71,149,2,2,True,0.8939985107734125,0.9101662511198155
72,150,2,2,True,0.9401172550508244,0.9359434623700374
73,154,2,0,False,0.43717128138521727,0.3827203689582417
74,155,2,2,True,0.8751581772971208,0.8275452001110712
75,156,2,2,True,0.46769137204796074,0.5300236877203546
76,157,2,0,False,0.7085744395467863,0.7027450364144178
77,161,2,2,True,0.4375642468889532,0.5214883314685614
78,162,2,2,True,0.46936415216403027,0.6926326207547219
79,163,2,2,True,0.5010007799440753,0.5924713491239579
80,165,2,2,True,0.9901612510164988,0.9823128644044935
81,167,2,2,True,0.6127582034318504,0.6347784100881945
82,169,2,2,True,0.45819145790568444,0.39832861475554426
83,170,2,2,True,0.46558089107004735,0.590378672352865
84,171,2,2,True,0.8130493348809468,0.8704263106592994
85,173,2,2,True,0.480474893300569,0.5636557623019406
86,175,2,2,True,0.9008924986855227,0.7664870354922811
87,178,2,2,True,0.6673782923542971,0.6337144261618474
88,179,3,3,True,0.5556394552971277,0.6466607362699857
89,180,3,3,True,0.7464042023941176,0.7425241224038713
90,183,3,3,True,0.8183554250862691,0.8141068890882253
91,185,3,3,True,0.25022923792315116,0.30498656047267464
92,186,3,3,True,0.4947702188265245,0.5514253625485954
93,190,3,3,True,0.5295834356487307,0.5495772533626886
94,191,3,3,True,0.6104764854133127,0.5326992677278909
95,192,3,3,True,0.4859174788342691,0.36497297732216427
96,193,3,29,False,0.5799224447683,0.6271643540352975
97,198,3,3,True,0.7141857876542185,0.7146407447863289
98,199,3,3,True,0.7398224821593599,0.6750680314127445
99,200,3,3,True,0.7742975831360378,0.7602520763072557
100,201,3,3,True,0.3521469101540731,0.4100282798404549
101,205,3,3,True,0.31298214399266167,0.3303210781803891
102,207,3,3,True,0.47702844108490894,0.5737677865030901
103,208,3,3,True,0.5489469828827769,0.48154906271792314
104,210,3,3,True,0.8524245825207161,0.7577070734991732
105,211,3,3,True,0.7192253627777495,0.6801946675437615
106,212,3,3,True,0.4235012709896815,0.408412799297197
107,214,3,3,True,0.4248419802292327,0.4418363538705623
108,217,3,3,True,0.6653793586841694,0.6921467016824541
109,219,3,3,True,0.27063491609398294,0.23075932443193958
110,223,3,3,True,0.9071441001993974,0.925031300804224
111,226,3,3,True,0.6543644313195851,0.5896507825227455
112,229,3,3,True,0.3649426314797796,0.3635432003271246
113,231,3,26,False,0.6484650839139685,0.7464296335636096
114,233,3,25,False,0.8246595117537695,0.8417922995358489
115,234,3,3,True,0.24042378109432738,0.3668113589682766
116,236,3,3,True,0.7101080704448661,0.6943832792308959
117,237,3,3,True,0.3962481284290345,0.39851033080694415
118,239,4,4,True,0.2958254281424603,0.3737009877387497
119,240,4,4,True,0.8350223106586223,0.865118717135736
120,244,4,5,False,0.9816918180528088,0.9254870269730782
121,246,4,4,True,0.79318167901382,0.765019143608446
122,251,4,4,True,0.32613440183246206,0.4237689626668899
123,252,4,4,True,0.9898991933491068,0.9851509622197034
124,255,4,4,True,0.874090395612038,0.9764324907168227
125,259,4,4,True,0.5172612520577228,0.5957559444894525
126,260,4,4,True,0.2804835641317677,0.3944226126780881
127,265,4,4,True,0.8182694510860398,0.9086235527312904
128,271,4,4,True,0.5467646885443568,0.5187080946939132
129,277,4,4,True,0.8372589408124681,0.900638697294502
130,279,4,112,False,0.9262515434214046,0.9281921107166736
131,282,4,4,True,0.1340138732591924,0.2447993849252088
132,286,5,5,True,0.5412684799673061,0.6577001598923407
133,292,5,5,True,0.6406195372942644,0.6757586367131231
134,298,5,5,True,0.5276462147225501,0.5579856425187254
135,300,5,5,True,0.1791391434035755,0.2938994471546098
136,304,5,5,True,0.35677098890100073,0.4464267692238243
137,308,5,5,True,0.8062943520307144,0.8418866135981444
138,309,5,5,True,0.49879613986310833,0.6005244828795783
139,311,5,5,True,0.4728227514880877,0.4223007897521025
140,312,5,5,True,0.35362445988608265,0.36616143240291005
141,314,5,5,True,0.4172697121088071,0.49309465331495506
142,315,5,5,True,0.6595324032381598,0.7461906949846305
143,325,6,6,True,0.42081058523744685,0.41363858890701877
144,329,6,6,True,0.16680328277731432,0.1452177114791266
145,330,6,6,True,0.1647205290220817,0.13580485105287537
146,337,6,6,True,0.29179700246873475,0.2977052096380419
147,340,6,6,True,0.5132403755985895,0.5028067154138879
148,343,6,6,True,0.5368862825841189,0.522877162329639
149,344,6,6,True,0.3216833731281657,0.2896010301040361
150,346,6,6,True,0.5529498315642374,0.5650989852687083
151,348,6,6,True,0.25912103380076834,0.24707405430297913
152,350,6,6,True,0.24048157612912593,0.2445370883858707
153,351,6,6,True,0.36625106235390686,0.36062617886492476
154,352,6,6,True,0.22282540051141483,0.21050703974044763
155,354,6,7,False,0.5915809702374915,0.6259742791366709
156,356,6,6,True,0.4293401063101829,0.41921882990855824
157,357,6,6,True,0.4824655185394196,0.46624258162708593
158,360,6,6,True,0.11631770114000044,0.11523208394029891
159,363,6,6,True,0.33245158810862097,0.3158106397960023
160,365,6,6,True,0.36954871248715326,0.35751712121886536
161,369,6,6,True,0.4307867846305602,0.4302811213439641
162,370,6,6,True,0.613329704910917,0.5992429320552377
163,371,6,6,True,0.4674441799350861,0.4646906353901312
164,372,6,6,True,0.48310639959932705,0.48550258362394555
165,373,6,6,True,0.7841890774813365,0.7997242842394063
166,381,7,7,True,0.89355781202165,0.8861254180745811
167,382,7,7,True,0.5101953989914819,0.4789365143050446
168,383,7,7,True,0.30994603581578456,0.23798269576485262
169,384,7,4,False,0.3744614224754029,0.412245247414727
170,386,7,71,False,0.7295631410914947,0.7197526024286921
171,387,7,4,False,0.43869416359704616,0.47687280685334543
172,389,7,7,True,0.3130348864078348,0.2860546281935131
173,391,7,71,False,0.2742856980771591,0.32356292821679156
174,394,7,7,True,0.8349180498966886,0.7859635651982056
175,405,7,7,True,0.7762942084817576,0.6626090759630844
176,407,7,7,True,0.6632787438424134,0.6161225878059488
177,408,7,7,True,0.3344548105765779,0.32845962377054794
178,410,7,7,True,0.5349117444765727,0.49867866196338223
179,412,7,7,True,0.8201225830714687,0.8483145461439118
180,419,7,7,True,0.5361602839743569,0.5527342089585817
181,420,7,7,True,0.7078759199479846,0.7190524658228501
182,422,7,7,True,0.3196143785814656,0.24136312634274776
183,424,7,7,True,0.14305384880417277,0.10770595049867358
184,425,8,8,True,0.9405332671730217,0.9483323546199127
185,430,8,8,True,0.14254906752867913,0.13188414272051674
186,434,8,48,False,0.29302419389859424,0.26691756564476593
187,435,8,25,False,0.5543566926332159,0.4861125954743472
188,438,8,48,False,0.6674729883446862,0.551973998440445
189,439,8,12,False,0.5108671710790117,0.5962669963967302
190,440,8,8,True,0.5798275548460834,0.6978465471020536
191,442,8,48,False,0.3013863826830468,0.21257672008354805
192,443,8,133,False,0.45726965627580646,0.5006967659785315
193,445,8,26,False,0.18687271950165452,0.25219360565756305
194,447,8,8,True,0.40982796172301816,0.24522628703075608
195,448,8,26,False,0.8367870420096654,0.8528566050230083
196,449,8,8,True,0.39990547935060894,0.37607844092488807
197,450,8,8,True,0.23873027801793512,0.26391440071784206
198,451,8,29,False,0.25747841907123853,0.2243712855373219
199,453,8,8,True,0.5192910270478291,0.4566151575545358
200,454,8,26,False,0.6516645459508149,0.6584651831749514
201,455,8,26,False,0.5115885669095678,0.4313715266011716
202,457,8,8,True,0.5174572536563267,0.5116619160462635
203,458,8,26,False,0.48423059340552593,0.4419606889267806
204,459,8,8,True,0.31944337784901367,0.385834480849047
205,462,8,8,True,0.8734908208025619,0.9445165411594165
206,463,8,8,True,0.7961342663864717,0.6839544565175549
207,468,8,26,False,0.32686289469327817,0.48826389809782844
208,472,8,102,False,0.8472627245287984,0.889770534095697
209,473,8,8,True,0.9347267466813294,0.9185291060291059
210,475,8,8,True,0.4645248933091198,0.487420324227739
211,480,8,8,True,0.5554018785035147,0.5420782815576024
212,483,8,8,True,0.39062268404865347,0.40920631913029054
213,487,9,9,True,0.30716432266292054,0.09280218729842764
214,488,9,9,True,0.7311130958969846,0.6967843682581577
215,492,9,9,True,0.8483268974059612,0.33736431235194136
216,493,9,9,True,0.9422236748725166,0.8407455040010791
217,494,9,9,True,0.7559792157613805,0.7052303301457237
218,498,9,9,True,0.6794828991946955,0.6411886840968687
219,499,9,9,True,0.5816745918898173,0.4338376325409954
220,501,9,9,True,0.9747948129026213,0.9503707275194498
221,503,9,9,True,0.934521040592191,0.7566794844810938
222,506,9,9,True,0.9943309017372352,0.9779794252988274
223,508,9,9,True,0.4446070499406303,0.24149243823263403
224,509,9,9,True,0.9574153606285175,0.9425195076429985
225,510,9,9,True,0.8278762795830317,0.6966026371216243
226,512,9,9,True,0.9815130357692898,0.943649780597577
227,513,9,9,True,0.9141739381667587,0.41538814525125645
228,514,9,9,True,0.6565600645010488,0.582187467852238
229,516,9,9,True,0.9688371948003974,0.9505101895125243
230,517,9,9,True,0.8552883356450801,0.5847945158882988
231,519,9,9,True,0.758475331016186,0.7213980420285998
232,521,9,9,True,0.840165095606214,0.8557448351204981
233,522,9,9,True,0.8278272939146282,0.5426027004444045
234,525,9,9,True,0.5731730457518635,0.45602715993030496
235,526,9,9,True,0.37165432792868924,0.19392327713649457
236,528,9,9,True,0.28264059746488673,0.1920863224093796
237,532,9,9,True,0.5265858925841909,0.525790884240631
238,534,9,9,True,0.8726601201796583,0.5213042352200512
239,536,9,9,True,0.7320441673857321,0.3137089696919913
240,538,9,9,True,0.7574979582256456,0.3797047376994176
241,540,9,9,True,0.9401380934618173,0.7318356777881301
242,543,9,9,True,0.6818327136719406,0.6214720152976323
243,546,10,26,False,0.46533046579577625,0.437256873218373
244,548,10,10,True,0.3233403940499857,0.19307663118433172
245,550,10,10,True,0.553361345562684,0.564137970815569
246,551,10,90,False,0.8153755286206945,0.7792632502983818
247,553,10,8,False,0.339229811256031,0.3119202409685187
248,556,10,10,True,0.45245627574432523,0.3720192408270115
249,558,10,10,True,0.6574508109127771,0.6860342620771299
250,560,10,10,True,0.7973936143656697,0.825237816404428
251,563,10,8,False,0.10252430193191359,0.08249761189272274
252,565,10,10,True,0.5951753107121003,0.5143898538921768
253,567,10,10,True,0.15340210900871099,0.19159613102963108
254,569,10,10,True,0.47025879716141944,0.4899492517393708
255,571,10,48,False,0.5326422066173884,0.5397724393257117
256,572,10,10,True,0.5915109290239652,0.6952034589088554
257,573,10,10,True,0.8915711359771192,0.9441879350820769
258,578,10,10,True,0.3050367253896537,0.2220510529189425
259,579,10,8,False,0.27904420347896697,0.46716997439683455
260,580,10,8,False,0.5604495672829762,0.3463762670756157
261,582,10,10,True,0.4810483323662062,0.43906358114956706
262,583,10,29,False,0.40469656545845867,0.4492420111613125
263,584,10,10,True,0.5625249276244149,0.25720733151197367
264,585,10,8,False,0.4245128364752869,0.49651721486485995
265,586,10,10,True,0.49411704313965576,0.4784515282135041
266,589,10,10,True,0.8483694827369512,0.8821344987319236
267,590,10,133,False,0.18843989964962823,0.20143637707567444
268,592,10,119,False,0.38478479897674894,0.2732952424270669
269,594,10,8,False,0.49658960693663357,0.5511940730219471
270,597,10,10,True,0.3607450036600528,0.26484898360294284
271,602,10,10,True,0.5135615183420414,0.663637077252084
272,603,10,25,False,0.7595527002598468,0.7937201771727432
273,604,11,11,True,0.72829383282146,0.6976168824004224
274,608,11,11,True,0.6802501021479679,0.622025513681423
275,609,11,11,True,0.2680174408649676,0.20428870646960282
276,610,11,11,True,0.6733860005324034,0.5875386833173984
277,615,11,11,True,0.2857690619634351,0.21553103335837925
278,616,11,11,True,0.834703992657182,0.7235894031125124
279,618,11,11,True,0.6486104276731001,0.6272784924024816
280,622,11,11,True,0.4553297664544247,0.41819938518777694
281,623,11,11,True,0.4274965858910076,0.37003871701318536
282,624,11,11,True,0.47341843888340523,0.407866262691552
283,627,11,11,True,0.37804031063292204,0.32855515702491456
284,632,11,11,True,0.20060972466837193,0.10082710836027847
285,634,11,11,True,0.5292814979107316,0.4178987977564724
286,637,11,11,True,0.7331977533131756,0.7414109918935394
287,638,11,11,True,0.8091306536062258,0.7882384259994207
288,640,11,11,True,0.3998444323993813,0.3542578388652876
289,643,11,11,True,0.7078075962872967,0.7034915243583675
290,644,11,11,True,0.6580607984452533,0.4869993592971318
291,646,11,11,True,0.9310200198350753,0.9327284529047397
292,649,11,11,True,0.41186901497708067,0.339487809059831
293,650,11,11,True,0.8664731054389466,0.7715571247436313
294,651,11,11,True,0.8186712287271236,0.7935216346797582
295,654,11,11,True,0.433310059073433,0.42824351593021975
296,656,11,11,True,0.9344859226109884,0.9463385264214208
297,658,11,11,True,0.552306889499172,0.5386185671509744
298,659,11,11,True,0.7333195587613984,0.7014989020221197
299,661,12,12,True,0.2745023527713011,0.26258360508875456
300,664,12,125,False,0.15122018551236746,0.12204092284914053
301,665,12,12,True,0.4958674770497674,0.4222206100388388
302,673,12,12,True,0.14212671895902612,0.1857174070726673
303,674,12,12,True,0.23311798594442706,0.21961027845390252
304,675,12,12,True,0.5099980072201756,0.3857899485595793
305,676,12,12,True,0.19103691479731688,0.2514054976242028
306,679,12,127,False,0.2026658325338459,0.12848614529756977
307,681,12,12,True,0.23551831776937593,0.1509465239984935
308,683,12,135,False,0.19160769717820442,0.10968115734487055
309,684,12,12,True,0.6318872870239507,0.5324618497035283
310,686,12,12,True,0.24715551523127094,0.20272409923163728
311,687,12,12,True,0.23007867452012912,0.16421311994064122
312,688,12,12,True,0.6368174088231638,0.5885380564065567
313,689,12,12,True,0.2790261170763944,0.23844236901210816
314,692,12,12,True,0.27743414228449226,0.2522567628360474
315,695,12,12,True,0.8586558709991292,0.8422833207016023
316,696,12,12,True,0.38562129601853273,0.2349183334239155
317,697,12,12,True,0.5607802022029469,0.5009721349847548
318,698,12,12,True,0.3548766535434132,0.3773137105658311
319,700,12,12,True,0.6092168310623821,0.5733953876368503
320,703,12,12,True,0.6758339605285574,0.5927801086440814
321,704,12,12,True,0.5571676242258666,0.5255753011137555
322,705,12,12,True,0.32273169164495896,0.3013458321649923
323,707,12,12,True,0.5584176069529125,0.49719378484385635
324,708,12,12,True,0.38056945489133664,0.3420625199468865
325,709,12,12,True,0.8880812071820902,0.8875047672276548
326,711,12,12,True,0.33088482930862423,0.25289942721864744
327,714,12,12,True,0.6929629495637575,0.6594800725714567
328,718,12,12,True,0.28793464286390574,0.2561627628879162
329,721,13,13,True,0.8870905897010116,0.7694469874041865
330,723,13,53,False,0.8867474361792582,0.8410826285531856
331,724,13,13,True,0.8906733170446888,0.7586241291899695
332,726,13,13,True,0.6210220924406915,0.4907120632168551
333,728,13,13,True,0.37493819258970845,0.40667024990619344
334,731,13,133,False,0.3557341894855551,0.272264562005583
335,737,13,13,True,0.4171503072349563,0.4448685801364108
336,738,13,53,False,0.39558388862546817,0.43906481945514286
337,739,13,13,True,0.7071511218223256,0.40775708279016104
338,742,13,13,True,0.7427751211157201,0.4562045934524569
339,743,13,13,True,0.41640289619406395,0.5138268511774371
340,745,13,13,True,0.3726912565592123,0.34009600221263414
341,749,13,13,True,0.5548121563327187,0.6307712296043722
342,750,13,13,True,0.5445178380981869,0.4532054559768896
343,752,13,13,True,0.892431448065765,0.8083002308216558
344,753,13,13,True,0.570987391346439,0.5186402563892866
345,757,13,13,True,0.6400229324220681,0.6040416881687266
346,759,13,13,True,0.3219522905231255,0.17592605366190847
347,761,13,13,True,0.6314359182110773,0.5257464765920125
348,763,13,13,True,0.4108082021198109,0.380652389430664
349,764,13,13,True,0.24912506951368674,0.16961854467931414
350,765,13,13,True,0.8611388935151216,0.8826765183215395
351,766,13,13,True,0.8172671604100182,0.7170937176387417
352,767,13,13,True,0.9270669940143555,0.8765201811742838
353,771,13,13,True,0.23650507135061402,0.19805419411767666
354,772,13,13,True,0.7421912761544825,0.5471113792973672
355,773,13,13,True,0.7147655843952601,0.6233692740992474
356,774,13,53,False,0.5551758682051833,0.3440960059328221
357,777,13,13,True,0.5137720532342203,0.6700280649586411
358,779,13,13,True,0.8792821089643571,0.8630215498001558
359,783,14,14,True,0.5932227495226597,0.5558375088393571
360,785,14,14,True,0.6846157598338448,0.6701346966065271
361,786,14,14,True,0.8300634765912328,0.8632557319929739
362,787,14,14,True,0.7487379783826966,0.6936047657104214
363,795,14,14,True,0.2665460809815481,0.20414827517116227
364,796,14,14,True,0.39667246059820643,0.4171392798614607
365,797,14,14,True,0.6511279130012578,0.5366767608988215
366,799,14,14,True,0.2767256746177362,0.3275965212384355
367,800,14,14,True,0.6287270667349283,0.6082305010031469
368,802,14,14,True,0.30230278255948906,0.341109711871276
369,803,14,14,True,0.520984410659696,0.5963827641172801
370,804,14,14,True,0.9890645751141831,0.9849888004325131
371,805,14,14,True,0.22248208147099288,0.22565981468224053
372,808,14,14,True,0.5997635654802378,0.5860754120183506
373,809,14,14,True,0.6812139004925698,0.7896753296418928
374,811,14,42,False,0.7755807740651236,0.8153510046806128
375,815,14,14,True,0.6352901490499727,0.5595255490650961
376,817,14,14,True,0.7533449381893893,0.6908820802494925
377,820,14,14,True,0.8249796591870757,0.8160495190260048
378,821,14,14,True,0.29617473336986005,0.37471211720551056
379,824,14,14,True,0.27412062834950784,0.2647300473932543
380,825,14,14,True,0.6865454415155742,0.6462146880721863
381,826,14,14,True,0.8563677619792439,0.8231270712734615
382,827,14,14,True,0.831901050791945,0.7680612861604393
383,830,14,14,True,0.5258552769705592,0.4739868615356784
384,831,14,14,True,0.9527754718546844,0.912812077936758
385,832,14,14,True,0.9737403888707784,0.9582789805577124
386,837,14,14,True,0.6805555865261353,0.6333305347854408
387,838,15,15,True,0.9421835334776277,0.9072415410226007
388,839,15,15,True,0.9440334631827154,0.9026669752545937
389,840,15,15,True,0.4188460908006117,0.5381464248124173
390,842,15,15,True,0.8810142763410154,0.8857091856055865
391,844,15,15,True,0.5269397685008078,0.48214549026477577
392,846,15,15,True,0.27748644685251334,0.2646879379622391
393,847,15,15,True,0.9175338057970698,0.9064669965460753
394,848,15,15,True,0.7535454456505224,0.7651160938051724
395,849,15,174,False,0.496952951309648,0.512087674381533
396,850,15,15,True,0.5058357440165882,0.487726481034736
397,851,15,15,True,0.2521737366102306,0.511615266736549
398,852,15,15,True,0.47523868572343964,0.4305768465278171
399,854,15,15,True,0.9483661634566504,0.9707309424567864
400,858,15,15,True,0.8425874882788117,0.7389671284151523
401,866,15,15,True,0.8685140659042173,0.8722320377042647
402,868,15,15,True,0.8907916680162149,0.9460452276594302
403,869,15,15,True,0.8558674341683629,0.8549467782789185
404,876,15,15,True,0.5394890395713569,0.8263383662199371
405,878,15,15,True,0.346239141147003,0.32864948428072494
406,880,15,15,True,0.36789700065123615,0.43234070018626547
407,882,15,15,True,0.7635123621133284,0.7164922912471957
408,883,15,15,True,0.9862443781550956,0.9839454120290447
409,885,15,15,True,0.46980890879781817,0.6802485504157375
410,886,15,15,True,0.9812830636332415,0.9819030069032425
411,887,15,15,True,0.6035352375219394,0.7070834301646357
412,890,15,15,True,0.8608751248652919,0.8692896561404873
413,892,15,15,True,0.35202676888565376,0.2883135370826876
414,893,15,15,True,0.5808981888917543,0.6707900303213634
415,896,16,16,True,0.9311031547952316,0.8357943809521992
416,897,16,16,True,0.9810599827202306,0.982158143345672
417,899,16,16,True,0.8910489545078406,0.7775243435850824
418,901,16,16,True,0.6667007554079962,0.40996608038053156
419,903,16,16,True,0.9849160490784519,0.9886070133562977
420,904,16,16,True,0.9020066376997197,0.8797013393670282
421,905,16,16,True,0.8989742286796901,0.7812898726089049
422,908,16,16,True,0.9438729950684834,0.9319876772911345
423,909,16,16,True,0.7864904600564214,0.6681209548161678
424,911,16,16,True,0.8335385093647913,0.6814684680404707
425,913,16,16,True,0.9399236541048612,0.7132821170546753
426,914,16,16,True,0.8888066233846669,0.8719238572312717
427,915,16,16,True,0.8128680572071931,0.8055660642186774
428,919,16,16,True,0.9451649527126464,0.9327836790816011
429,921,16,16,True,0.90964005444547,0.8924020087583259
430,924,16,16,True,0.8786276210598228,0.8573168945766826
431,930,16,16,True,0.9906479779979555,0.9912422211262164
432,932,16,16,True,0.8986547568526444,0.8464765856615204
433,933,16,16,True,0.7748679349412319,0.7716709166970157
434,936,16,16,True,0.9554333091124261,0.948818388771051
435,938,16,16,True,0.9294767677771513,0.9039691313919649
436,940,16,16,True,0.96768895357888,0.9713665945466609
437,942,16,16,True,0.746223749206515,0.6072984067291315
438,944,16,16,True,0.7954484215514526,0.6885221446632516
439,945,16,16,True,0.8847765778683296,0.8059913901137791
440,948,16,16,True,0.8802290116631629,0.8528078434980855
441,949,16,16,True,0.841638811402859,0.8272895390680409
442,953,17,17,True,0.6551646814747533,0.6565085908662641
443,958,17,17,True,0.7732191786665975,0.8554858913831705
444,961,17,17,True,0.8288350666010471,0.8379709342329932
445,962,17,17,True,0.35706140333726777,0.3504400420071575
446,968,17,17,True,0.791275587243217,0.697470482635407
447,969,17,17,True,0.8403963248081141,0.7840790571812392
448,971,17,17,True,0.9328591723456546,0.9321400376462134
449,973,17,17,True,0.6142052031813053,0.6483687354725948
450,976,17,17,True,0.9965443753597641,0.9949416529004881
451,977,17,17,True,0.7567783238017992,0.7273561519036639
452,978,17,17,True,0.30823429867333657,0.3941856858675234
453,983,17,17,True,0.13707899812667368,0.15723030362205295
454,993,17,17,True,0.5616068330093733,0.44621040255709715
455,996,17,17,True,0.5916057127678211,0.5820809479983717
456,997,17,17,True,0.7906122534534242,0.7633994057861884
457,998,18,101,False,0.49029023702332797,0.3856666910343795
458,999,18,18,True,0.7658558313892906,0.7197579259112388
459,1001,18,18,True,0.48915606730407357,0.35179337911597547
460,1003,18,18,True,0.5551343158612683,0.4841008278490172
461,1005,18,18,True,0.5104026100759742,0.4272041203730153
462,1006,18,18,True,0.20211459609191856,0.20068303835278042
463,1009,18,18,True,0.43804623998889963,0.4799132426123592
464,1011,18,18,True,0.8416772813884492,0.8495827956152466
465,1012,18,18,True,0.09915851368572554,0.11370283432333915
466,1013,18,18,True,0.2035470595708715,0.21675883053061795
467,1014,18,18,True,0.8311875578296621,0.7213984544485313
468,1016,18,10,False,0.1015049779618178,0.09170774394818539
469,1018,18,18,True,0.4968642222282808,0.4603048032482538
470,1021,18,18,True,0.5479225977758126,0.5080831060466603
471,1025,18,18,True,0.7450926880590533,0.7523491606637001
472,1028,18,18,True,0.8567700755493763,0.9166401665218129
473,1030,18,18,True,0.6567376189694203,0.6128608013051031
474,1031,18,18,True,0.4727838565434506,0.5098271784880348
475,1033,18,18,True,0.78367892625628,0.781116129053666
476,1035,18,18,True,0.8592273254113667,0.79114854475199
477,1036,18,18,True,0.6489080243570716,0.6810745202885462
478,1038,18,18,True,0.6044105033155971,0.5521485786218007
479,1041,18,18,True,0.5382755052366975,0.5196868234298718
480,1043,18,38,False,0.7090150587611836,0.8142023592259044
481,1044,18,18,True,0.29894645702595074,0.2773562963095905
482,1046,18,159,False,0.3854671926952942,0.471255185706272
483,1047,18,18,True,0.8387054127287593,0.8305841252555923
484,1050,18,18,True,0.7201233981100565,0.6981464680522675
485,1054,18,18,True,0.5222762229029815,0.5651163489065805
486,1057,19,19,True,0.6557460287024025,0.5363969409326389
487,1061,19,173,False,0.19036933378236154,0.16588648408859155
488,1062,19,31,False,0.5634305510339996,0.5634185366657332
489,1063,19,19,True,0.29260054679855263,0.12284962893754628
490,1064,19,19,True,0.7146824742354366,0.6814512825512832
491,1066,19,19,True,0.7649385043202801,0.528626760054941
492,1068,19,19,True,0.5594687638271683,0.3609667569791736
493,1070,19,19,True,0.8037025688289123,0.6075406332004691
494,1071,19,19,True,0.8430634448542762,0.5477733734501078
495,1072,19,19,True,0.8307377276516892,0.628458116112127
496,1075,19,19,True,0.8180174267939063,0.7946688433781818
497,1076,19,19,True,0.18023244925458218,0.1612598416057395
498,1077,19,19,True,0.6254777642130274,0.4598738603022114
499,1081,19,156,False,0.2580720142465395,0.20014563147098605
500,1082,19,19,True,0.7041710235608042,0.5072032565339212
501,1084,19,171,False,0.6952165049402498,0.5029981188807475
502,1086,19,19,True,0.6669318014462855,0.5944930223487905
503,1089,19,19,True,0.9055507700672943,0.8736140123836832
504,1090,19,19,True,0.3706626254881866,0.2926139800133251
505,1092,19,19,True,0.7746536636950239,0.3986136705223946
506,1095,19,19,True,0.8474347669523394,0.6515511878683723
507,1096,19,160,False,0.9207672071842173,0.8361882093616788
508,1097,19,19,True,0.6892637439300794,0.6237270941897569
509,1099,19,19,True,0.4199872792066755,0.3065581130896928
510,1102,19,19,True,0.6347791416761343,0.5091894987391387
511,1104,19,19,True,0.4673467507648535,0.3380930661800595
512,1105,19,19,True,0.4841224518944262,0.39379214124039746
513,1108,19,19,True,0.746031480815558,0.5380586456204042
514,1109,19,19,True,0.8066254963510099,0.7179654814859833
515,1116,20,20,True,0.4694689272059253,0.4309430676747977
516,1117,20,20,True,0.7242635786991729,0.7248901699920247
517,1118,20,20,True,0.3950388454963177,0.3393619762694901
518,1119,20,20,True,0.6974037594272212,0.5115515313245687
519,1127,20,29,False,0.6652952357006663,0.6935124591646367
520,1128,20,20,True,0.4993946472371691,0.393581997663998
521,1131,20,20,True,0.7488747660837971,0.7002783857091334
522,1132,20,20,True,0.8880281278477506,0.8921588321678716
523,1133,20,20,True,0.9568946876347498,0.9249985771230903
524,1136,20,20,True,0.5746860555621326,0.4189524748335228
525,1137,20,20,True,0.8628902424680143,0.7275957681626413
526,1138,20,20,True,0.9726167703426699,0.8975633761257836
527,1142,20,20,True,0.8776818017694448,0.838472480751753
528,1143,20,20,True,0.4381012726944032,0.48956714794604084
529,1144,20,20,True,0.744232279710648,0.574947964109087
530,1148,20,20,True,0.8008764585302458,0.6636658664966223
531,1150,20,20,True,0.5199734845046942,0.4009689329888981
532,1153,20,20,True,0.8207611166670292,0.654657214070304
533,1154,20,20,True,0.5770842516913863,0.4334571301878052
534,1158,20,96,False,0.8197088371615,0.8570822260657203
535,1159,20,20,True,0.9381328687579668,0.8460851979537108
536,1160,20,20,True,0.7597329232522961,0.6417952684729492
537,1161,20,20,True,0.5710175065556249,0.5728389962854324
538,1162,20,20,True,0.31686112126473537,0.21168123380317297
539,1164,20,20,True,0.7596461298760795,0.6626472526010253
540,1168,20,20,True,0.482205415288851,0.47634912818798
541,1169,20,96,False,0.5854339044624959,0.5162562585021184
542,1170,20,96,False,0.7408440554826934,0.7178052589649129
543,1172,20,20,True,0.3220775392283829,0.3595801362981645
544,1174,20,20,True,0.5375704366486428,0.44714351512484074
545,1176,21,104,False,0.961644602948994,0.9580891213708241
546,1177,21,21,True,0.8145169428708893,0.7646257086802002
547,1178,21,21,True,0.5080547919284528,0.4259781146086835
548,1179,21,91,False,0.5323199516824288,0.3818689248344352
549,1180,21,104,False,0.3211193778368401,0.5436853548888649
550,1182,21,21,True,0.6720928549015193,0.8049626094329867
551,1183,21,21,True,0.7989256933300913,0.8312864512439688
552,1190,21,104,False,0.8863867697247384,0.9088637084691288
553,1192,21,104,False,0.6349272933055691,0.6563179550305175
554,1193,21,104,False,0.7619766654908056,0.8476991911622161
555,1195,21,21,True,0.9512427303821543,0.9774038053609518
556,1199,21,104,False,0.8352103710407894,0.8164639398890393
557,1200,21,21,True,0.9275127844934675,0.8943026108066513
558,1206,21,21,True,0.9991376200206858,0.999487049548578
559,1209,21,21,True,0.5523753032167534,0.6436776764040312
560,1211,21,21,True,0.9285971871619183,0.8744840726936169
561,1212,21,104,False,0.9484120986757637,0.9410924653795928
562,1215,21,21,True,0.9550431754237575,0.9282736559542866
563,1216,21,21,True,0.7602425171859136,0.7739915771953623
564,1217,21,21,True,0.8568588610033382,0.8893924485429303
565,1218,21,104,False,0.9179440932709297,0.9103215760254891
566,1220,21,104,False,0.7262229103519157,0.6831206647258334
567,1223,21,21,True,0.8798081601799899,0.9410452409499585
568,1225,21,21,True,0.865918368270901,0.8811640717848565
569,1226,21,104,False,0.9548062113854895,0.9498208240123589
570,1230,21,21,True,0.8097517295488871,0.8211670974710361
571,1234,22,194,False,0.8523364423328034,0.7540256323951404
572,1235,22,22,True,0.661703956833213,0.6148937165899292
573,1237,22,24,False,0.15880607771682537,0.14657603168177025
574,1240,22,24,False,0.580137207305325,0.3548346142269677
575,1243,22,22,True,0.8969502902670401,0.8636559634398222
576,1244,22,24,False,0.2987704045448594,0.25073489223686835
577,1247,22,22,True,0.9403203724545178,0.7589050743894563
578,1249,22,22,True,0.5654781964663392,0.3167929340200792
579,1254,22,24,False,0.4275591661784551,0.3644996665290993
580,1255,22,57,False,0.7891518887834449,0.5151623959807379
581,1257,22,24,False,0.6781726720320264,0.4019482700729093
582,1258,22,24,False,0.33894839257896947,0.3606735217279761
583,1261,22,22,True,0.9441615117012623,0.5686103990514619
584,1262,22,24,False,0.3517977015414365,0.27284533234932823
585,1264,22,22,True,0.9132427804017407,0.8217000579481236
586,1265,22,24,False,0.47393281469215465,0.29891597374097734
587,1266,22,22,True,0.8232583808195147,0.5820274358192017
588,1267,22,57,False,0.8223234386812148,0.6963377006822387
589,1268,22,22,True,0.48729255118749415,0.3946181900686212
590,1269,22,22,True,0.7970229222061725,0.7702669248307468
591,1271,22,22,True,0.8077236117879575,0.5547244616373703
592,1272,22,22,True,0.10349440484545078,0.0880874546254186
593,1273,22,22,True,0.8399384893211863,0.771299174780081
594,1275,22,24,False,0.816871626087778,0.7572213136771622
595,1281,22,22,True,0.7286073539599152,0.6923039063990161
596,1283,22,22,True,0.8663501856205303,0.8296985090551382
597,1284,22,22,True,0.9442667480061739,0.9103030700608608
598,1285,22,22,True,0.3687833527485796,0.2930039357022036
599,1289,22,24,False,0.7210464769761187,0.37109489992616657
600,1292,23,24,False,0.5170452050860946,0.4121656813442592
601,1293,23,23,True,0.6390476655546588,0.6128071345472099
602,1295,23,24,False,0.6119687535101074,0.5764985883002507
603,1297,23,23,True,0.584286142949503,0.5712077288970534
604,1301,23,23,True,0.30788026895794773,0.2605520923342556
605,1304,23,23,True,0.634468576173028,0.618728512716865
606,1305,23,23,True,0.3789273334959631,0.2058571004839361
607,1306,23,23,True,0.6669638883955619,0.42666976743403634
608,1313,23,23,True,0.8499767854072966,0.7880647213455039
609,1315,23,22,False,0.7645262150129645,0.6038785254176062
610,1316,23,23,True,0.6816645917914542,0.5758254669610234
611,1317,23,23,True,0.8722574429912768,0.7288327074479274
612,1319,23,23,True,0.759198482879455,0.7428873003985037
613,1321,23,23,True,0.5012266635834474,0.34258802563869045
614,1323,23,22,False,0.7957917124914972,0.6743871844467585
615,1325,23,22,False,0.9355451785602159,0.8956205111513136
616,1330,23,23,True,0.4806686441372407,0.2679641664593797
617,1333,23,23,True,0.9623557530797029,0.9200067010034285
618,1335,23,23,True,0.6909788994305258,0.4632533944630576
619,1339,23,24,False,0.6452407171103393,0.6489549014076497
620,1341,23,23,True,0.7216809902009569,0.45946643477516586
621,1342,23,23,True,0.4957385333504985,0.32761074608620755
622,1345,24,24,True,0.33406606059603217,0.35806621162844854
623,1347,24,89,False,0.49441060960126537,0.42206956766822507
624,1348,24,22,False,0.33221475474912654,0.29468226131035063
625,1350,24,24,True,0.7894506618596449,0.752622166920966
626,1351,24,24,True,0.4969824963089786,0.4568224794432674
627,1352,24,24,True,0.4110120690982601,0.41852276107843883
628,1356,24,24,True,0.5930341206078659,0.522510407766836
629,1359,24,24,True,0.24829272806032543,0.1735452554574881
630,1364,24,24,True,0.3473272871802657,0.2605304641043016
631,1367,24,24,True,0.3808939143451816,0.38059106629370837
632,1371,24,24,True,0.8886140014492397,0.8361150382184819
633,1372,24,22,False,0.6296797605141745,0.5516689934858686
634,1373,24,24,True,0.702725692690496,0.6260306028632389
635,1376,24,24,True,0.4428262671232317,0.46628279238313775
636,1379,24,24,True,0.5813478260209434,0.4293527465115575
637,1382,24,24,True,0.692880845191991,0.6559216509778645
638,1385,24,24,True,0.2793740748906015,0.19920249827778508
639,1386,24,24,True,0.18411573360262393,0.16220992282477525
640,1387,24,22,False,0.3290188254882974,0.3330743191878224
641,1388,24,24,True,0.3871684924587635,0.3578940557671546
642,1390,24,24,True,0.23860517381616336,0.25920378352371715
643,1391,24,24,True,0.6408283795420138,0.6620580070001729
644,1392,24,24,True,0.8726810558231015,0.7870777897940191
645,1393,24,24,True,0.7058219101344315,0.619739335883356
646,1394,24,22,False,0.504631087878872,0.5028960104094853
647,1395,24,24,True,0.2893891916083745,0.2607840896193493
648,1396,24,24,True,0.9133181224848582,0.9202413963725014
649,1397,24,24,True,0.2829765244643202,0.24060359090273567
650,1399,24,22,False,0.5323332751232065,0.5180604430869373
651,1400,24,22,False,0.2600776671637992,0.24685184609588312
652,1409,25,26,False,0.7175738718794011,0.7399339337365237
653,1410,25,25,True,0.47240585243473443,0.47662826972832717
654,1411,25,25,True,0.42551707180424775,0.3612034084892207
655,1412,25,25,True,0.6100638685057879,0.5143983529313957
656,1413,25,25,True,0.6081281618152607,0.46569139589194275
657,1416,25,25,True,0.807325172198475,0.7826258099895526
658,1419,25,25,True,0.9033032318050291,0.8805592330765719
659,1421,25,25,True,0.6807259195756596,0.6872340692881328
660,1422,25,25,True,0.6104823144813362,0.5047025575005956
661,1423,25,25,True,0.5718623627142384,0.5039521481348509
662,1424,25,25,True,0.7305412895893918,0.6184385317787865
663,1425,25,25,True,0.7063460081287783,0.6389710863396241
664,1427,25,25,True,0.4995601048312838,0.5197725564185639
665,1430,25,25,True,0.7348563116581517,0.6026339442351952
666,1431,25,25,True,0.5197666993459066,0.44797913210034995
667,1432,25,25,True,0.8017488494230155,0.6490037028522432
668,1433,25,25,True,0.5681950139918786,0.5187985787237755
669,1434,25,25,True,0.30590230665309837,0.21515676322763533
670,1435,25,25,True,0.49218861032213507,0.45190807440679165
671,1437,25,25,True,0.5066067742753392,0.4366563480267058
672,1442,25,25,True,0.5745068860547488,0.4120120440659601
673,1443,25,25,True,0.43726516948241306,0.3581604340432317
674,1446,25,25,True,0.8054083388719607,0.5590783113128386
675,1448,25,25,True,0.2632728598079188,0.1639719606210241
676,1449,25,29,False,0.2952997252214325,0.3260322342848726
677,1450,25,26,False,0.38746428638971336,0.39953390786073983
678,1451,25,25,True,0.6317428738454104,0.42394795458429413
679,1454,25,25,True,0.34346343653421285,0.29349418627617635
680,1457,25,25,True,0.2722569712896606,0.15428030437438378
681,1462,25,25,True,0.570444409454615,0.4656851068339037
682,1463,26,26,True,0.2483490458970889,0.30092583256644556
683,1467,26,26,True,0.26243318037123586,0.28933625421292747
684,1471,26,8,False,0.2306191470016426,0.21783779761257077
685,1473,26,26,True,0.4381729949696812,0.43329046803211635
686,1477,26,26,True,0.40261653530422875,0.3438801530247463
687,1478,26,26,True,0.8138920857611635,0.8103878474193359
688,1479,26,48,False,0.22375068017149907,0.27797621356559926
689,1480,26,48,False,0.5662596006382077,0.5995661064587372
690,1481,26,26,True,0.22844423844951628,0.2551065633429523
691,1482,26,26,True,0.22333111499709532,0.1848753450057167
692,1483,26,26,True,0.6758634475525807,0.7706654867897107
693,1485,26,28,False,0.47314606421240923,0.5009922862842766
694,1487,26,26,True,0.3613960612876137,0.3913345551336949
695,1490,26,117,False,0.569739906722659,0.5822228695571291
696,1492,26,48,False,0.6354318723273772,0.736068661368763
697,1494,26,10,False,0.6336019555054192,0.655134933316131
698,1495,26,12,False,0.49927528374853397,0.46889593106746863
699,1496,26,26,True,0.7696371709495518,0.801502134938116
700,1497,26,26,True,0.5536563487261249,0.5741484026861668
701,1498,26,26,True,0.6145567674671935,0.6329879431298573
702,1502,26,26,True,0.14593635166361082,0.12372846506738504
703,1503,26,8,False,0.8308246888904716,0.7903867232338474
704,1506,26,39,False,0.7596514790386321,0.796907710263686
705,1507,26,26,True,0.3186680234414749,0.29719934377575274
706,1513,26,26,True,0.5790645902938568,0.5620995088290063
707,1517,26,29,False,0.25647921838782867,0.24749946041214402
708,1518,26,26,True,0.4338169198767942,0.45289833641777094
709,1520,26,26,True,0.524940561245375,0.5372588812134672
710,1521,26,29,False,0.26602050215645273,0.2668053679464313
711,1522,26,26,True,0.3612491968981172,0.41443723744491057
712,1524,27,27,True,0.40355022640300514,0.4062022562502536
713,1525,27,27,True,0.1576456134697212,0.1712912893192827
714,1526,27,27,True,0.463173437010675,0.4502046442295024
715,1529,27,27,True,0.30666507908885243,0.2686652226912977
716,1531,27,27,True,0.1895478512051418,0.23666388405061545
717,1534,27,27,True,0.23856216418647072,0.2493701967973284
718,1536,27,27,True,0.2479247633237969,0.24881235709310132
719,1538,27,27,True,0.2985964678687149,0.24434227194441718
720,1539,27,27,True,0.6518950480246384,0.6574782950814333
721,1542,27,27,True,0.37110085956308747,0.4079147361895761
722,1545,27,27,True,0.5044389408725376,0.5237693245334971
723,1546,27,27,True,0.1435241919882786,0.11943233091595835
724,1550,27,27,True,0.27027712465987197,0.31709841564524327
725,1551,27,27,True,0.5500262089917037,0.5969639989306881
726,1553,27,27,True,0.1702761481096127,0.2105740366020679
727,1555,27,27,True,0.25597995100986104,0.30626566666307
728,1556,27,27,True,0.33154857328958487,0.32634867888296326
729,1558,27,27,True,0.6445438965040503,0.6640328447978946
730,1559,27,27,True,0.32211254484208196,0.310142543814694
731,1560,27,27,True,0.2686537877543756,0.27745772641133915
732,1561,27,27,True,0.10162577643225641,0.10565596038961352
733,1563,27,27,True,0.3792079143477337,0.3849227487733107
734,1566,27,27,True,0.29303742287647416,0.3620944168515748
735,1568,27,27,True,0.20203832809759328,0.22360094882967338
736,1570,27,27,True,0.3418006424045258,0.4070361722986948
737,1575,27,27,True,0.1967543260107207,0.22128708364988797
738,1576,27,27,True,0.3698309812415072,0.3923813854224707
739,1577,27,27,True,0.19165866645396068,0.2413263880373542
740,1580,27,27,True,0.769885054930905,0.8479642389878735
741,1583,28,28,True,0.7466903643313466,0.6529212510591009
742,1593,28,28,True,0.9723419953060273,0.95917049444558
743,1594,28,28,True,0.9573306552062258,0.9237322615714154
744,1596,28,29,False,0.8061735742972536,0.8411235433399878
745,1597,28,28,True,0.9668957492819227,0.9631011479892337
746,1600,28,26,False,0.4603184644951998,0.4585737307762089
747,1602,28,29,False,0.9933550128329376,0.9932607094247965
748,1605,28,29,False,0.9357547454174701,0.9308655195773925
749,1606,28,29,False,0.8588512538635475,0.8367474527428163
750,1607,28,28,True,0.982646226151741,0.9742665875520756
751,1609,28,29,False,0.9540317313993607,0.904769860335591
752,1610,28,28,True,0.837743801991123,0.7998354511720852
753,1611,28,106,False,0.963730663974699,0.8897889490820639
754,1612,28,28,True,0.9604287046445308,0.9208133159911508
755,1613,28,26,False,0.8460983119475235,0.7995700567008056
756,1614,28,28,True,0.7671358336671703,0.6020628881388412
757,1615,28,29,False,0.8394103187344427,0.811679568434033
758,1616,28,26,False,0.9133150029210731,0.7104880354145581
759,1618,28,28,True,0.9748784686559526,0.9623394533317194
760,1625,28,10,False,0.8038028795630047,0.7290146088106456
761,1626,28,29,False,0.9140708219303092,0.9028939456666363
762,1627,28,28,True,0.9634494401721532,0.9577411476765909
763,1628,28,28,True,0.982903384394031,0.9451945178079276
764,1629,28,28,True,0.9724323615010466,0.959922447179723
765,1630,28,28,True,0.8276110343420057,0.6667162003355945
766,1631,28,28,True,0.6715881139895714,0.5101249923939136
767,1633,28,28,True,0.9672517198511928,0.9520027274587919
768,1634,28,106,False,0.9463984827971046,0.9335618803934796
769,1636,28,29,False,0.9336398609173124,0.8804543335287229
770,1640,28,28,True,0.980802826761302,0.9782003735024388
771,1643,29,29,True,0.8947013828113909,0.8576666670505968
772,1644,29,29,True,0.4046392088934476,0.5002347768659126
773,1646,29,106,False,0.7118756345049259,0.7319586718121118
774,1648,29,48,False,0.5666483995579957,0.6192291091734755
775,1649,29,28,False,0.5694675516080026,0.5174076718800921
776,1651,29,29,True,0.956762417145824,0.9588528455901073
777,1652,29,28,False,0.6251915238316157,0.5495070211292135
778,1655,29,29,True,0.6374255009407112,0.6076122827813449
779,1656,29,29,True,0.9711505188002951,0.9538105883897325
780,1659,29,28,False,0.6433656754271928,0.7869873864120331
781,1660,29,28,False,0.8794516498535447,0.8912237288428174
782,1661,29,28,False,0.9760753672368095,0.9792874125226354
783,1662,29,48,False,0.8566423331809927,0.7318410227902936
784,1664,29,29,True,0.704135235538916,0.5558048923168858
785,1665,29,26,False,0.2786581748981754,0.38764945756046243
786,1666,29,29,True,0.7164168577242407,0.6539502535301582
787,1667,29,29,True,0.9594466526644773,0.9557423161422215
788,1673,29,29,True,0.8607888773879349,0.8516789687009735
789,1678,29,29,True,0.7591992590045508,0.7356599533822549
790,1679,29,29,True,0.9202571605747819,0.9074429254862098
791,1682,29,28,False,0.5958373837044385,0.7900454460650066
792,1683,29,26,False,0.5078201110218018,0.7791222980284168
793,1692,29,28,False,0.9528917968115792,0.9240242060087345
794,1693,29,29,True,0.4193320714001188,0.4699497807453405
795,1694,29,29,True,0.31578326915568056,0.6004556614328926
796,1695,29,29,True,0.9965745078988811,0.9960053290331172
797,1696,29,10,False,0.7648809080716589,0.8326246523724576
798,1697,29,29,True,0.529470094210696,0.5254258427249752
799,1698,29,22,False,0.7198267625628029,0.6618050784577756
800,1700,29,29,True,0.870344094095665,0.7789588573731285
801,1702,30,30,True,0.39180598990765886,0.4123890047818428
802,1705,30,30,True,0.7826703508094707,0.8429426185193272
803,1708,30,30,True,0.8344021653328644,0.9172189259032156
804,1710,30,30,True,0.6285606118107491,0.758613821105135
805,1712,30,32,False,0.43910225180865015,0.47016661658239817
806,1713,30,30,True,0.8313013767168558,0.8199166876155641
807,1715,30,30,True,0.511791761494878,0.5195026144692245
808,1718,30,30,True,0.584420239660768,0.6206158783586635
809,1719,30,30,True,0.536626653019498,0.5732409900914932
810,1722,30,30,True,0.18852251218225605,0.22164229692719628
811,1723,30,32,False,0.4228905702098167,0.3942434907246574
812,1725,30,30,True,0.5508251076696721,0.5616810182382718
813,1728,30,30,True,0.421595604566926,0.5753956716656211
814,1729,30,30,True,0.6645883911147988,0.6942930224583613
815,1730,30,30,True,0.7413220596126339,0.8049369719440971
816,1733,30,30,True,0.623223769574385,0.6700730183418003
817,1736,30,30,True,0.8626655489624981,0.8660341484429793
818,1737,30,30,True,0.4260648195567959,0.4125521104599578
819,1738,30,30,True,0.5120864599093211,0.5421615305233408
820,1739,30,30,True,0.47590209933545813,0.5210015674279586
821,1743,30,32,False,0.6610388298223444,0.6882799542327775
822,1745,30,30,True,0.5161030401383234,0.5225442061029741
823,1746,30,30,True,0.4982260828758806,0.6102772473717611
824,1748,30,30,True,0.4143021725927419,0.451749331221326
825,1750,30,30,True,0.3992633032837091,0.42214772918386617
826,1753,30,30,True,0.9533038517617551,0.9567627905751518
827,1755,30,30,True,0.5062881167048977,0.5852851067656464
828,1756,30,177,False,0.13506922638655935,0.13323848895133403
829,1760,30,148,False,0.4080420125218325,0.5084061588620009
830,1761,30,30,True,0.5362412004664217,0.4935449521909161
831,1768,31,31,True,0.9863746106170028,0.983095417236584
832,1771,31,31,True,0.4441278935117207,0.4362931211210832
833,1776,31,31,True,0.9578565688210187,0.9425626526810281
834,1777,31,31,True,0.26112306696129906,0.2611223887943992
835,1780,31,31,True,0.4099885220627115,0.3884064066501609
836,1782,31,31,True,0.7748304724770078,0.7998745020678577
837,1783,31,44,False,0.6103150499460767,0.5788279181043449
838,1784,31,31,True,0.368238664569382,0.40672381404980984
839,1785,31,154,False,0.29188636049297345,0.3199029540505369
840,1786,31,31,True,0.490288891379732,0.4404670603342568
841,1788,31,31,True,0.28779063291378293,0.34828174253380517
842,1791,31,30,False,0.714252143008207,0.6942597865099724
843,1793,31,31,True,0.6673027029527715,0.6451383903368887
844,1796,31,31,True,0.8886307642053161,0.8909209487343194
845,1797,31,31,True,0.9026487044145312,0.9095235117580028
846,1798,31,31,True,0.739166139866396,0.7252113922560136
847,1799,31,31,True,0.7033169015948169,0.6794369683553123
848,1800,31,31,True,0.24878550553610532,0.2921629617123932
849,1804,31,31,True,0.41220658420081013,0.3799065530304482
850,1805,31,31,True,0.2862950582274111,0.25246252453873286
851,1807,31,31,True,0.37693979022134366,0.38092369648956664
852,1811,31,31,True,0.529659910695477,0.5641938443737413
853,1814,31,30,False,0.6210328571242527,0.5855992405492082
854,1816,32,39,False,0.06419168797679892,0.06452788187599785
855,1819,32,32,True,0.5618691079422901,0.5713110335909388
856,1822,32,32,True,0.49020565300934255,0.47460821502211525
857,1826,32,32,True,0.5124839970928289,0.4775465706259263
858,1828,32,32,True,0.3216847220342188,0.36923693320114964
859,1829,32,32,True,0.46325689487716726,0.6587745056634785
860,1832,32,32,True,0.2276951034611707,0.21897005063543806
861,1836,32,30,False,0.37489004431569556,0.44376866132724835
862,1838,32,32,True,0.5006947109620101,0.5825243991451011
863,1840,32,154,False,0.2251562200486964,0.2723483088928712
864,1843,32,32,True,0.6255280890172786,0.6080786506651966
865,1844,32,32,True,0.20589370658727973,0.2363339078602221
866,1845,32,32,True,0.5564623823309924,0.6696223166099762
867,1846,32,32,True,0.7393933336751793,0.76980519402175
868,1847,32,32,True,0.32926949951422285,0.3200455058349103
869,1848,32,32,True,0.3168356437449292,0.2883723155637544
870,1851,32,32,True,0.31795091731026465,0.2878111307692087
871,1853,32,32,True,0.5828014261806009,0.6461142927405441
872,1856,32,39,False,0.7399871295480924,0.7092635715449885
873,1857,32,32,True,0.85473609697884,0.7684573438173282
874,1859,32,32,True,0.35678265811498316,0.33825357218695995
875,1861,32,32,True,0.46211436082311486,0.46925844782303966
876,1862,32,32,True,0.10198716529708007,0.10387498750961598
877,1865,32,32,True,0.4455324623979968,0.3997886619579049
878,1866,32,30,False,0.39415994569747725,0.3812198545970313
879,1867,32,30,False,0.21519071385752148,0.16117252638939453
880,1869,32,30,False,0.2066205261533883,0.19797564135897874
881,1871,32,32,True,0.19919814831063812,0.1903135487753606
882,1873,32,32,True,0.5131667722364043,0.47253753275365545
883,1874,33,33,True,0.20915904393660442,0.15871670773691512
884,1876,33,33,True,0.7532143359090878,0.6585155025575338
885,1882,33,33,True,0.10724769377948018,0.09915828396069948
886,1884,33,33,True,0.7972214539923883,0.7798485088283297
887,1885,33,33,True,0.9151209194562465,0.844574342251707
888,1887,33,33,True,0.7524542872837997,0.7500416288982951
889,1888,33,33,True,0.7217139386231735,0.7114098288501036
890,1890,33,33,True,0.10334880722355619,0.0803654373917465
891,1891,33,33,True,0.7496957868622769,0.6882248819998616
892,1893,33,33,True,0.5164602074348343,0.5289634969254865
893,1894,33,55,False,0.2930961182417225,0.2936911064150772
894,1896,33,33,True,0.664985507911981,0.7411192537493432
895,1900,33,33,True,0.8147990981436446,0.7249375967980283
896,1901,33,33,True,0.9560636686157858,0.9417818772431017
897,1902,33,33,True,0.6436807280786622,0.7713209003087255
898,1906,33,33,True,0.629929582824366,0.6309589204543267
899,1908,33,33,True,0.6335542011462567,0.6230963475601432
900,1909,33,33,True,0.6003386752990072,0.5849400235794502
901,1910,33,33,True,0.7042619252537784,0.5780126039426102
902,1913,33,33,True,0.558014180588367,0.5059216684700255
903,1915,33,33,True,0.8665748403365711,0.7001232548180415
904,1916,33,33,True,0.7887172667087247,0.7751200388943773
905,1917,33,33,True,0.8078295519608579,0.7934831785268396
906,1919,33,33,True,0.7958145887286746,0.7915497051093293
907,1924,33,119,False,0.615110909497006,0.6778451502987266
908,1925,33,33,True,0.9438787894172697,0.9662638618567703
909,1926,33,33,True,0.8644825731241775,0.8916758412920827
910,1927,33,33,True,0.9334085747937463,0.8977271268660617
911,1931,33,33,True,0.7011880025541501,0.6574068790396357
912,1935,34,34,True,0.8774388241661111,0.7158749056512697
913,1937,34,34,True,0.8426827961094852,0.6934754530214056
914,1939,34,34,True,0.8269949243099225,0.6813602213092248
915,1940,34,34,True,0.7471552325037218,0.704112061545376
916,1942,34,34,True,0.7339046401393463,0.6922354831783732
917,1943,34,34,True,0.7144702920235588,0.5445600972206122
918,1944,34,34,True,0.9714214351340146,0.9659973530717962
919,1946,34,34,True,0.590462645957736,0.4522796619325415
920,1947,34,34,True,0.8347169336011621,0.7827737519091895
921,1948,34,34,True,0.8029390642779206,0.775165367936264
922,1950,34,34,True,0.8661459153329044,0.8268741696647415
923,1956,34,34,True,0.5264834265239521,0.5934847820766046
924,1958,34,34,True,0.8210662578306397,0.6941907880907151
925,1959,34,34,True,0.8352070776625136,0.6615150753691363
926,1960,34,34,True,0.8533121975295173,0.7674368168969494
927,1962,34,34,True,0.9131479495082031,0.888536498708441
928,1964,34,34,True,0.7678974719105833,0.6340206210933457
929,1965,34,34,True,0.771176923978104,0.7616308531046125
930,1966,34,34,True,0.7761477311392246,0.7150361787653956
931,1967,34,34,True,0.7615393583571746,0.6165728256110623
932,1968,34,34,True,0.9597067471138006,0.9367792124168443
933,1969,34,34,True,0.7063016376799274,0.629081305657191
934,1976,34,34,True,0.889177938178682,0.8387287818925939
935,1980,34,34,True,0.740599843355626,0.4499113371326168
936,1983,34,34,True,0.6660986393107741,0.6733441246099566
937,1984,34,34,True,0.36323591086014295,0.2759587157788061
938,1985,34,34,True,0.8037844522711972,0.7315450637939144
939,1986,34,34,True,0.8703093583605676,0.8111900719689978
940,1987,34,34,True,0.6157109830940831,0.2618271225353287
941,1989,34,34,True,0.7501068701326765,0.681923663888874
942,1993,35,35,True,0.842522324579278,0.8421166996929104
943,1995,35,35,True,0.6937492417555965,0.6548150564369553
944,1996,35,35,True,0.9291182993831193,0.9383121552533542
945,1997,35,35,True,0.6910407932866416,0.6016828365673134
946,1999,35,35,True,0.7425855963396631,0.7106439304572506
947,2000,35,35,True,0.9285124620489599,0.9050013985165853
948,2004,35,35,True,0.8439772792551846,0.8303584608912548
949,2005,35,35,True,0.8867450453021511,0.8559852887320543
950,2006,35,35,True,0.6710921150183499,0.6173065919197552
951,2008,35,35,True,0.9301855367466549,0.9390287019141081
952,2010,35,35,True,0.5751466091250396,0.4680641353851328
953,2014,35,35,True,0.9417171190741758,0.9100179473888227
954,2015,35,35,True,0.9148537977395083,0.8983399907718671
955,2016,35,188,False,0.5902730361018852,0.5810774857496173
956,2020,35,35,True,0.6425611585852887,0.4849186787583314
957,2021,35,35,True,0.9566118610137678,0.970370932673272
958,2024,35,35,True,0.6923483158040126,0.5360854376829276
959,2027,35,35,True,0.6494037167354408,0.6541107389215652
960,2029,35,35,True,0.9207722256867104,0.8790121093769674
961,2030,35,35,True,0.9122631978321879,0.8287553037562445
962,2031,35,35,True,0.6973404894954482,0.6058376266096817
963,2032,35,35,True,0.7607393118115388,0.6224370378795094
964,2035,35,35,True,0.8363769803835069,0.8635171727051253
965,2037,35,35,True,0.8950545591244956,0.930433058871475
966,2039,35,35,True,0.5999506419177795,0.5552929071382372
967,2040,35,35,True,0.8379666082815269,0.8172086250226205
968,2043,35,35,True,0.9407541836671268,0.9345134579315683
969,2048,35,35,True,0.747096538590602,0.7467229145414838
970,2049,35,35,True,0.9824755416028742,0.9826958415255859
971,2051,35,35,True,0.8541084608157333,0.7951846281433795
972,2057,36,172,False,0.6718119362230354,0.606990425028864
973,2059,36,42,False,0.5382152488861831,0.514290734321745
974,2060,36,36,True,0.6896814335497655,0.6311286842409009
975,2062,36,36,True,0.22791266365684637,0.2578937128839272
976,2063,36,172,False,0.2539110085831935,0.27872244937579094
977,2064,36,42,False,0.6256322565139268,0.5178030509990803
978,2067,36,36,True,0.646249589576358,0.42595073651160914
979,2070,36,36,True,0.395231377577036,0.40304963986526937
980,2072,36,36,True,0.7133870808559022,0.66265229150059
981,2073,36,39,False,0.33681725792862577,0.32098276831216466
982,2074,36,36,True,0.3170122927278189,0.2876314228258163
983,2075,36,36,True,0.18655719695857606,0.18200014770043987
984,2076,36,38,False,0.33564910308884705,0.3502810066404777
985,2077,36,38,False,0.36244821127011234,0.36134796617454507
986,2081,36,118,False,0.5032673862298859,0.44961692627483724
987,2084,36,36,True,0.11102905708718455,0.11088234448083954
988,2086,36,36,True,0.23061085129481718,0.27086245311038687
989,2091,36,38,False,0.21172629033459273,0.18634927767027404
990,2092,36,36,True,0.3217317421314818,0.2977629067409549
991,2093,36,38,False,0.5934363404751092,0.5037528200661604
992,2096,36,42,False,0.8609678547395083,0.8997153831485465
993,2098,36,36,True,0.4168683760570797,0.38514829174153953
994,2100,36,42,False,0.5159305774962182,0.4901677651723152
995,2101,36,101,False,0.3917321995959411,0.465742986678829
996,2104,36,38,False,0.2540571906622774,0.2620724047296121
997,2107,36,36,True,0.31759206369928894,0.35765591738471936
998,2108,36,42,False,0.7704015883163874,0.7717871945876008
999,2109,36,38,False,0.3131846403249245,0.3054098897996487
1000,2111,36,38,False,0.4405872099573315,0.32321161719948877
1001,2112,37,102,False,0.7754863878425435,0.8017475152080555
1002,2119,37,76,False,0.8639194205889292,0.8822418148037929
1003,2120,37,37,True,0.7048407563629991,0.7522125674591877
1004,2123,37,37,True,0.768119482047593,0.7778161939882899
1005,2126,37,37,True,0.3362070185334741,0.3514605878715445
1006,2127,37,37,True,0.5833471026415848,0.6119456612592981
1007,2128,37,37,True,0.809334777853229,0.8446014640053805
1008,2129,37,37,True,0.3857757063339635,0.5040831057404942
1009,2131,37,169,False,0.3168927553555502,0.38515001606316945
1010,2132,37,37,True,0.2983697681198025,0.2815880008279793
1011,2134,37,37,True,0.27429283017452244,0.316559566282828
1012,2135,37,37,True,0.4577615137074645,0.5474251335180766
1013,2139,37,37,True,0.3414265713447163,0.3505297291832773
1014,2141,37,37,True,0.5214039031527355,0.49886144922408576
1015,2142,37,37,True,0.47156027121609223,0.5303629891846895
1016,2143,37,37,True,0.2152725832588303,0.24211860699967833
1017,2145,37,101,False,0.4222509847133149,0.4889037418434155
1018,2146,37,37,True,0.32469916778663105,0.3071814212557165
1019,2148,37,37,True,0.8118400396065133,0.8353928311508323
1020,2150,37,37,True,0.6341890097206728,0.5864821757945147
1021,2153,37,37,True,0.8562264190152933,0.8587738355113782
1022,2156,37,37,True,0.6265451418056348,0.6640996765411552
1023,2158,37,37,True,0.6806354103111409,0.7070608014580431
1024,2160,37,37,True,0.6332167705477957,0.6060103208868372
1025,2162,37,37,True,0.6441183748018325,0.7067624124453563
1026,2163,37,37,True,0.6015300924168854,0.6328227208513285
1027,2164,37,37,True,0.8221946760976634,0.8709064079494568
1028,2168,37,76,False,0.8370646888381821,0.8248128212941813
1029,2170,37,37,True,0.5524942343747209,0.5688500697248241
1030,2171,37,38,False,0.8119571496252125,0.8112613350197057
1031,2179,38,38,True,0.7306399163693508,0.7530933206015181
1032,2180,38,36,False,0.4292379926658415,0.7006983495923834
1033,2183,38,152,False,0.8291265227817745,0.9173376953759671
1034,2184,38,151,False,0.6418020766666999,0.8117909557099675
1035,2186,38,36,False,0.35227263318079444,0.5278277183718268
1036,2188,38,38,True,0.7382869587290087,0.7687157402296996
1037,2189,38,102,False,0.6272181821805395,0.7210595805694813
1038,2190,38,39,False,0.49250908651597,0.47820395744374616
1039,2193,38,101,False,0.6131078394899939,0.7150640970624818
1040,2194,38,36,False,0.5720393472370411,0.722254279766271
1041,2195,38,38,True,0.506062769613795,0.4734357640534935
1042,2200,38,101,False,0.4003311652184862,0.5492208716845695
1043,2201,38,38,True,0.41894814598733676,0.42445311779943395
1044,2203,38,38,True,0.47764021118308725,0.5765807416521197
1045,2204,38,151,False,0.5551555226684719,0.6534895553036876
1046,2206,38,38,True,0.8770112242575279,0.8668780687355396
1047,2207,38,102,False,0.7458470077209121,0.747125008186095
1048,2209,38,36,False,0.8654493429402871,0.8664399381831395
1049,2211,38,38,True,0.8395592059568853,0.8588796721643929
1050,2212,38,39,False,0.6706916232734472,0.6865423795140504
1051,2213,38,38,True,0.5720943391542472,0.7282048455096223
1052,2216,38,38,True,0.6204947701984673,0.6426680823437811
1053,2218,38,36,False,0.5886467243258857,0.7356503466773903
1054,2219,38,38,True,0.4427138856751599,0.7680512333375251
1055,2222,38,38,True,0.5786082487252207,0.6354441761494121
1056,2223,38,38,True,0.7242903492455227,0.850288192906358
1057,2226,38,39,False,0.8389624070515481,0.9229307086146828
1058,2229,38,90,False,0.3202255730180482,0.6573155011854064
1059,2230,38,102,False,0.28581659936310905,0.48003184724120473
1060,2231,39,39,True,0.7770158611710585,0.7707954386936456
1061,2234,39,38,False,0.4041902914866165,0.3819968082725062
1062,2236,39,39,True,0.1938726267253053,0.17359959777935788
1063,2239,39,101,False,0.6023725844137042,0.6458497203891718
1064,2242,39,183,False,0.8417098259917274,0.8558878916518602
1065,2244,39,39,True,0.32969329376146994,0.30704708029090777
1066,2249,39,134,False,0.13856554627204698,0.16694598612558947
1067,2250,39,101,False,0.3532460114860578,0.33928278969994347
1068,2252,39,48,False,0.3134753804013614,0.3760618250258374
1069,2256,39,183,False,0.4483758318950393,0.3685300640974713
1070,2257,39,39,True,0.28216020564329314,0.25945823701354875
1071,2258,39,151,False,0.42977435831229316,0.4016101684582197
1072,2260,39,39,True,0.297344039454912,0.30821816748171016
1073,2264,39,101,False,0.36676386424704815,0.36792894122809555
1074,2265,39,101,False,0.14117356628459243,0.18935601638655047
1075,2268,39,39,True,0.32089456427781526,0.3387202218591882
1076,2269,39,39,True,0.5976644954944624,0.5865069288448196
1077,2273,39,39,True,0.23103392811329357,0.24666034595749312
1078,2274,39,39,True,0.3297368514999505,0.3279702663924982
1079,2276,39,39,True,0.6391025277533378,0.5894384241425287
1080,2278,39,39,True,0.2919975591957235,0.2849289085240876
1081,2280,39,39,True,0.5983992824596368,0.5449789693339119
1082,2281,39,170,False,0.4282649493707393,0.4424517871579676
1083,2282,39,39,True,0.29351492314659033,0.3008486945516863
1084,2283,39,111,False,0.6122620420231764,0.6267156378154636
1085,2284,39,39,True,0.2795914641447314,0.2687015153615408
1086,2285,39,39,True,0.31858748588876645,0.3447228286271482
1087,2287,39,39,True,0.20828988256712966,0.17072001931287847
1088,2288,39,111,False,0.7609747092891893,0.7583226746059117
1089,2290,39,39,True,0.5029737611535332,0.49822441425477
1090,2292,40,111,False,0.22505106898743427,0.2280372225658943
1091,2293,40,40,True,0.2830486590275341,0.21192468903780096
1092,2294,40,40,True,0.674331496275419,0.639762768927529
1093,2295,40,40,True,0.6930512726133826,0.6128987256340996
1094,2297,40,40,True,0.8273497784093962,0.8097875079647965
1095,2298,40,40,True,0.7190729820148148,0.6842293147932955
1096,2300,40,40,True,0.9398763443667185,0.9179848259969322
1097,2302,40,40,True,0.6690332761807724,0.6325151877206737
1098,2303,40,40,True,0.25185826998752836,0.22167262331921223
1099,2305,40,40,True,0.7243227866912174,0.7062365871892347
1100,2306,40,40,True,0.5873198710656048,0.5565089086373277
1101,2307,40,40,True,0.8642557481598614,0.8450006803095658
1102,2308,40,40,True,0.4829102362727327,0.4179555307347549
1103,2310,40,40,True,0.5217500069965542,0.5012936205442328
1104,2312,40,40,True,0.29599986293544206,0.2386523879760762
1105,2315,40,40,True,0.9747215217718453,0.9778784960417055
1106,2316,40,40,True,0.39936228903498217,0.3696650677639597
1107,2318,40,40,True,0.8527059397227832,0.800275932631706
1108,2319,40,40,True,0.3640399061702366,0.3202905066229218
1109,2321,40,40,True,0.9085306570025554,0.8984142222409132
1110,2322,40,40,True,0.8155166569036877,0.7603927414387803
1111,2327,40,40,True,0.6175799629031223,0.6039699026418514
1112,2328,40,40,True,0.6232619840564091,0.5937693251461305
1113,2329,40,40,True,0.6276840390051691,0.5939906247114322
1114,2330,40,40,True,0.9197974054595149,0.9032094905479656
1115,2331,40,40,True,0.7628870912321486,0.6743886476307427
1116,2336,40,40,True,0.4704746239324752,0.42776401162024447
1117,2338,40,40,True,0.6239357562168756,0.5723197912437713
1118,2341,40,78,False,0.7275692758572596,0.6394032072955956
1119,2348,40,40,True,0.8216244324409421,0.8050743208872483
1120,2351,41,41,True,0.7921770423126637,0.7029049302128186
1121,2355,41,138,False,0.366030760659858,0.2351629990003332
1122,2357,41,41,True,0.797699415589314,0.7221620884185104
1123,2358,41,41,True,0.8155900348014422,0.5644528127350166
1124,2360,41,41,True,0.6829782361155734,0.4494940085611602
1125,2361,41,41,True,0.41749583840445487,0.3247562265396937
1126,2362,41,41,True,0.5362651570397344,0.4439986066901689
1127,2363,41,41,True,0.6815956519353046,0.6499770185989114
1128,2365,41,41,True,0.8370167151893378,0.7727200442843781
1129,2366,41,41,True,0.4734803245325668,0.38025672170356484
1130,2367,41,41,True,0.7746704764981713,0.6458751880189644
1131,2368,41,41,True,0.8697018162748745,0.845144826529486
1132,2370,41,41,True,0.5808026187091601,0.2966662149960717
1133,2371,41,41,True,0.42633272712339143,0.262537138523009
1134,2374,41,41,True,0.7053440011580867,0.5062599433703534
1135,2376,41,41,True,0.5736653507767157,0.3918380605601531
1136,2377,41,41,True,0.3505737174350441,0.21117510898849948
1137,2379,41,41,True,0.7853258300916179,0.7104006750874939
1138,2380,41,41,True,0.9023422949692039,0.8028028514425851
1139,2381,41,41,True,0.6544971891137914,0.6164019101276891
1140,2382,41,41,True,0.783934996425895,0.6090135293240726
1141,2389,41,41,True,0.7277126608985954,0.6024138653993989
1142,2390,41,41,True,0.7485583799979305,0.5716412026260838
1143,2393,41,41,True,0.685711785798141,0.5622382137257377
1144,2394,41,41,True,0.8729953671336289,0.8632724714020069
1145,2399,41,41,True,0.7542240311093276,0.6832420150339763
1146,2400,41,41,True,0.3144534218265109,0.19856195406988852
1147,2404,41,41,True,0.5110046188186511,0.38431716118011666
1148,2409,41,41,True,0.6169361021510656,0.64806191552447
1149,2410,41,41,True,0.92544213234966,0.8884264819386131
1150,2411,42,42,True,0.13249649273093925,0.17456081796954764
1151,2412,42,42,True,0.6572508298434365,0.6857846180636391
1152,2413,42,151,False,0.2385720394926424,0.3170470547013933
1153,2415,42,39,False,0.18972610123270467,0.16314492364230143
1154,2418,42,42,True,0.43838025485770193,0.4398083860396721
1155,2421,42,42,True,0.31743559066500204,0.2278760494237526
1156,2423,42,173,False,0.2329637360053638,0.281928512664744
1157,2427,42,38,False,0.8187609288391972,0.8978413619206687
1158,2430,42,42,True,0.5141960788943566,0.44858558643026897
1159,2431,42,42,True,0.4701094101981544,0.4940612247239839
1160,2434,42,42,True,0.4936600687138669,0.5376057022672523
1161,2435,42,42,True,0.7188007353468214,0.5955645748196271
1162,2436,42,42,True,0.2610897163638381,0.2698837138858247
1163,2437,42,177,False,0.8991989577561028,0.9137216291806689
1164,2438,42,42,True,0.3652492561152088,0.5867081672654568
1165,2442,42,39,False,0.09807239671113926,0.14656442845095552
1166,2444,42,42,True,0.6273418064566202,0.46168707354413635
1167,2445,42,36,False,0.6706457079429478,0.8053231032746703
1168,2450,42,42,True,0.15254400694395262,0.14986978391584782
1169,2452,42,42,True,0.2714851211857579,0.24260062895293208
1170,2453,42,42,True,0.24867453036382664,0.22361843867302264
1171,2454,42,76,False,0.07197437291357447,0.1166653930641615
1172,2456,42,46,False,0.20370730703508272,0.2801992432895582
1173,2457,42,42,True,0.16979422110316658,0.12906477994500534
1174,2459,42,42,True,0.7641566525383646,0.8062195973081365
1175,2463,42,42,True,0.494697847327978,0.39143564038032286
1176,2464,42,36,False,0.4075937229787658,0.44370724800497735
1177,2466,42,42,True,0.5491299834851933,0.5682001388530271
1178,2468,42,161,False,0.19135921880963497,0.24412008949582617
1179,2470,43,43,True,0.8995611396937492,0.9152823912411311
1180,2472,43,43,True,0.9387936755726741,0.9723403995980882
1181,2473,43,43,True,0.8200169514057775,0.7224030626868114
1182,2474,43,43,True,0.9980226123436045,0.9944953459219571
1183,2475,43,70,False,0.8606982300699603,0.8575375084196678
1184,2476,43,43,True,0.40812755700818204,0.510898515882367
1185,2481,43,43,True,0.9811312596812841,0.9736199211866178
1186,2482,43,43,True,0.9033219870087761,0.8930171130851039
1187,2483,43,43,True,0.8518868284974648,0.7614661146863622
1188,2485,43,43,True,0.5847977080254013,0.5809181202562709
1189,2488,43,43,True,0.7060518916687868,0.746756853495115
1190,2489,43,43,True,0.9417429130625914,0.9688486380548605
1191,2491,43,43,True,0.8285676313180418,0.8620607859917678
1192,2492,43,43,True,0.8572030798674373,0.9039686215588547
1193,2493,43,43,True,0.5794932075720964,0.592728985444478
1194,2494,43,43,True,0.7859475154160701,0.8278530308707215
1195,2495,43,43,True,0.7679199969841423,0.7870937000264486
1196,2496,43,43,True,0.8166622555301154,0.8818174467397866
1197,2497,43,43,True,0.7923445875716975,0.8821831281976477
1198,2498,43,43,True,0.9110025827704936,0.9444840093169689
1199,2499,43,43,True,0.9921062107747067,0.9842640172906204
1200,2500,43,43,True,0.5351631249133744,0.5611099973252899
1201,2503,43,43,True,0.908471541469957,0.8840588894039617
1202,2505,43,43,True,0.9902043941682849,0.9902085705409025
1203,2507,43,43,True,0.41761944034755033,0.5280353076023468
1204,2508,43,43,True,0.9076399883247844,0.8733534786139052
1205,2511,43,43,True,0.8550818540572371,0.6697043729669298
1206,2514,43,43,True,0.7707976734801711,0.8202688076759569
1207,2520,43,43,True,0.5813006338764685,0.5000416888053295
1208,2525,43,1,False,0.8358026164663775,0.8503970978407266
1209,2531,44,44,True,0.6938808501035124,0.8001692104126619
1210,2532,44,44,True,0.40022053510801125,0.4593716471563067
1211,2538,44,1,False,0.1710067325741396,0.27149355467405184
1212,2540,44,83,False,0.7734670028350783,0.8396357619054392
1213,2541,44,44,True,0.47947712913776686,0.517455192241175
1214,2547,44,1,False,0.7249162119823525,0.7823178847313589
1215,2548,44,44,True,0.6772884953148273,0.9137127204214343
1216,2549,44,2,False,0.22262689559972718,0.20369040382940468
1217,2551,44,44,True,0.3769470677427015,0.43055460958039476
1218,2552,44,44,True,0.5821462964011973,0.6057008609667992
1219,2553,44,0,False,0.5172638154865491,0.5148572051880002
1220,2556,44,2,False,0.4847740661061525,0.5461362051989896
1221,2557,44,44,True,0.36886897586805256,0.5719871086536412
1222,2559,44,44,True,0.17432163800892067,0.24451241605794352
1223,2561,44,71,False,0.47591162179689633,0.5320254264086672
1224,2569,44,44,True,0.66529228073509,0.9046984391602316
1225,2570,44,44,True,0.5241134922076758,0.5960543696677058
1226,2571,44,44,True,0.31412502488007593,0.32240146776734085
1227,2572,44,44,True,0.3389511751089436,0.5193208786271407
1228,2574,44,65,False,0.724068134064424,0.6998655823650035
1229,2575,44,44,True,0.8646939680346433,0.9361771112476432
1230,2577,44,44,True,0.5110885314585216,0.5650732912030078
1231,2578,44,64,False,0.99904031732444,0.998387754250297
1232,2579,44,44,True,0.5375127717854437,0.7713060585173716
1233,2580,44,44,True,0.46722196933153054,0.5398978592680832
1234,2581,44,44,True,0.716289126974491,0.7885972249531025
1235,2582,44,83,False,0.44491410819900423,0.5049435822447459
1236,2583,44,44,True,0.9870688484480863,0.9929063153672024
1237,2588,44,1,False,0.8363582482064353,0.8073933545984416
1238,2589,44,44,True,0.5223837931911529,0.5883772731676212
1239,2590,45,45,True,0.7287614056608723,0.651420057011328
1240,2592,45,45,True,0.1262341681664508,0.07924460920315476
1241,2594,45,45,True,0.43841437451130244,0.3657658087277878
1242,2596,45,86,False,0.7349743336088705,0.7335972553155174
1243,2599,45,45,True,0.6649250137576547,0.756514343443444
1244,2600,45,45,True,0.4677498183236574,0.5022881298559918
1245,2603,45,45,True,0.6228624899121289,0.5077798214931224
1246,2604,45,45,True,0.48390619538686913,0.3977819003361888
1247,2606,45,45,True,0.44330505116727587,0.35519897033122666
1248,2607,45,45,True,0.8038020984235088,0.7433027669358843
1249,2609,45,45,True,0.44445836239242176,0.3072506082211512
1250,2610,45,45,True,0.6490770976834236,0.5065276743076158
1251,2611,45,45,True,0.9482303090680373,0.9307998254833036
1252,2613,45,45,True,0.8419606840005974,0.7771937305175817
1253,2614,45,45,True,0.4141680518695648,0.32031028956444874
1254,2617,45,45,True,0.4998492541611877,0.4325352416675628
1255,2618,45,45,True,0.5845005744237055,0.5140117857260825
1256,2619,45,45,True,0.6790757584522749,0.6100669529278028
1257,2622,45,45,True,0.46508143350073483,0.3642594625313807
1258,2624,45,45,True,0.5357817962311535,0.4465203770802458
1259,2627,45,45,True,0.5173689586631434,0.46760722835557456
1260,2628,45,45,True,0.4949481193732891,0.3507707976112954
1261,2630,45,45,True,0.5309977482328384,0.3265221254266572
1262,2631,45,45,True,0.5187634809196291,0.3914139863424414
1263,2632,45,45,True,0.40277011714072253,0.2568370358874759
1264,2633,45,45,True,0.6692163275137041,0.624081744017193
1265,2636,45,45,True,0.45651057076394913,0.33388750202068174
1266,2640,45,45,True,0.45742174855675416,0.3808827301379193
1267,2648,45,45,True,0.45417217983866665,0.31085784610668715
1268,2649,45,45,True,0.7444653533273077,0.6561234215585714
1269,2650,46,174,False,0.5978531447572424,0.5307454404823336
1270,2652,46,46,True,0.8256566759709374,0.7555937676466037
1271,2653,46,46,True,0.8896586877675984,0.8439271803242319
1272,2655,46,46,True,0.5373766327373645,0.4806291087522583
1273,2657,46,46,True,0.5886063028319397,0.5222415665967293
1274,2658,46,46,True,0.5700604147659787,0.48033297073978976
1275,2660,46,46,True,0.9092580980969899,0.9230495615122362
1276,2662,46,46,True,0.7939684462596655,0.7531377713538133
1277,2669,46,46,True,0.8411606481955973,0.8116403947180302
1278,2670,46,46,True,0.785552933544085,0.7941853526507306
1279,2671,46,179,False,0.8549421943252725,0.7868919772122157
1280,2673,46,46,True,0.44499667166188794,0.35271737982234885
1281,2674,46,46,True,0.7771664454083286,0.6748223394558408
1282,2675,46,46,True,0.6590258149118732,0.5249881149005408
1283,2676,46,46,True,0.8688862795806792,0.8834169308078691
1284,2677,46,46,True,0.8462595390319778,0.8119225359406872
1285,2678,46,46,True,0.9219199070070735,0.8786595625295106
1286,2680,46,97,False,0.9251784524941702,0.9068976514085516
1287,2681,46,46,True,0.6545284208183633,0.43027329121345576
1288,2685,46,46,True,0.9336791940997051,0.9219215944230091
1289,2689,46,46,True,0.8018293301384816,0.6888771071054969
1290,2691,46,46,True,0.7473179263063096,0.6273621294612378
1291,2693,46,46,True,0.9026538003809532,0.880884777508144
1292,2694,46,46,True,0.8732444164597233,0.8643076758209487
1293,2695,46,46,True,0.8048184790171462,0.7854229214789546
1294,2696,46,46,True,0.9080209371172553,0.9087594135259718
1295,2703,46,46,True,0.7462853705981688,0.6824447605537722
1296,2705,46,46,True,0.6988168780371886,0.6404881963683232
1297,2707,46,46,True,0.6327507680109495,0.5658164696015276
1298,2709,46,46,True,0.8802362094910846,0.8573901802689432
1299,2710,47,47,True,0.650384743191416,0.6785023230861468
1300,2711,47,47,True,0.9199357419766141,0.8883675154540681
1301,2712,47,47,True,0.8744016320230955,0.8442738140245823
1302,2713,47,47,True,0.9825862792314223,0.9847948937272332
1303,2715,47,47,True,0.753235206903781,0.634020954881748
1304,2716,47,47,True,0.8846990781463554,0.8262047793074033
1305,2717,47,47,True,0.8008065272166042,0.8143624292104842
1306,2725,47,47,True,0.8468942405406606,0.8125296324208539
1307,2727,47,47,True,0.9891289068755819,0.9964941084668227
1308,2730,47,47,True,0.8313304996989508,0.7195299904976376
1309,2731,47,47,True,0.5623142104910376,0.6194105679269829
1310,2733,47,47,True,0.8704285084592698,0.8421212575173577
1311,2735,47,47,True,0.9004359887150846,0.8328438018806231
1312,2736,47,47,True,0.8344219139033341,0.8027425216336734
1313,2737,47,47,True,0.7296053584673046,0.5903541180390106
1314,2738,47,174,False,0.70603552452993,0.6093274644684311
1315,2740,47,47,True,0.9575159948681907,0.9582465484438955
1316,2744,47,47,True,0.5726421936706866,0.47485857381562036
1317,2746,47,47,True,0.4954006216354572,0.5527591104886865
1318,2751,47,47,True,0.5587615795437797,0.6133076816677259
1319,2752,47,47,True,0.9009800158665093,0.9240015542717276
1320,2753,47,47,True,0.857214603535399,0.8693033786675648
1321,2760,47,47,True,0.657611284565822,0.6745590043815105
1322,2761,47,47,True,0.9350802087594976,0.9490568376917047
1323,2763,47,47,True,0.9455984023270878,0.9076753571122744
1324,2764,47,47,True,0.9132630253648193,0.9181648383331884
1325,2765,47,47,True,0.5079369467681133,0.546432608446426
1326,2766,47,47,True,0.9441903181367769,0.9251092108776077
1327,2767,47,47,True,0.6879101593933091,0.7652660144243092
1328,2769,47,47,True,0.8089212006718501,0.8486256579415319
1329,2770,48,8,False,0.3083321899943344,0.5052727566520794
1330,2773,48,8,False,0.8536151287757108,0.8454866072055075
1331,2774,48,48,True,0.544953308694765,0.5654926071591905
1332,2776,48,10,False,0.7936593077365535,0.7974554902445552
1333,2778,48,48,True,0.958327584722692,0.9542250476779998
1334,2780,48,48,True,0.8775731310942575,0.8424853320915798
1335,2782,48,48,True,0.9174073331906815,0.9127330642107523
1336,2783,48,8,False,0.8610724841303523,0.8425262153560348
1337,2784,48,10,False,0.7634040307430668,0.723167926772925
1338,2785,48,25,False,0.8734035879343189,0.9029756941398416
1339,2789,48,48,True,0.8678940516721213,0.8591408548488217
1340,2790,48,48,True,0.8859424491170236,0.8532194452422138
1341,2792,48,8,False,0.9643950098058003,0.9314289919685481
1342,2796,48,48,True,0.89481070811761,0.8976037957486845
1343,2799,48,110,False,0.7310805136119638,0.7484494632781618
1344,2801,48,48,True,0.8739025388139834,0.8616898762029351
1345,2802,48,48,True,0.9434380067788612,0.8687653143166981
1346,2803,48,48,True,0.8866163934695332,0.8730800165494895
1347,2804,48,48,True,0.8090612118239032,0.8280783037719498
1348,2805,48,48,True,0.4812665444383812,0.5286444792075031
1349,2806,48,48,True,0.9061878842844632,0.9024411137390869
1350,2807,48,48,True,0.8338794941808084,0.876104744832997
1351,2810,48,48,True,0.8708835062195014,0.8870126134140264
1352,2812,48,48,True,0.8108571757863234,0.7638234252716566
1353,2813,48,141,False,0.628437769585661,0.5836792124169206
1354,2818,48,133,False,0.8641409964627366,0.8287338733992189
1355,2822,48,48,True,0.812843032948427,0.8134400870236778
1356,2824,48,29,False,0.9691981901222116,0.9681174203451421
1357,2826,48,48,True,0.9892521075562658,0.9869025962526935
1358,2829,48,48,True,0.9669444507252177,0.93064611532682
1359,2830,49,49,True,0.3764973997955469,0.33099822102612103
1360,2831,49,49,True,0.2644894971306299,0.18960383316657617
1361,2834,49,49,True,0.2219064501001569,0.16273642617868098
1362,2835,49,49,True,0.2008971159421351,0.18154138158954308
1363,2836,49,49,True,0.2854545602139288,0.26406064985037575
1364,2837,49,49,True,0.2692388407475655,0.2488222360125082
1365,2839,49,49,True,0.5618719317466315,0.49539911026835964
1366,2845,49,49,True,0.3154851131066375,0.24166594961524102
1367,2846,49,49,True,0.8927703918894746,0.886077995032184
1368,2847,49,49,True,0.3890067683503645,0.3567434602929309
1369,2848,49,49,True,0.2661930996972752,0.2669696766769403
1370,2851,49,49,True,0.24022378250072576,0.22444074033602335
1371,2852,49,49,True,0.42770587255854836,0.4078279708953257
1372,2853,49,49,True,0.6476249549833174,0.6000809932499883
1373,2858,49,49,True,0.32399930056607557,0.3142571796849459
1374,2862,49,85,False,0.07111595743055461,0.05751168413038559
1375,2863,49,50,False,0.3657509383887841,0.3586299657663646
1376,2866,49,49,True,0.3693784310220874,0.32305723129566744
1377,2867,49,49,True,0.8227497802423518,0.755976299603028
1378,2868,49,49,True,0.3000301140291787,0.30950119345758503
1379,2869,49,49,True,0.1043110808045967,0.07681805211460346
1380,2873,49,49,True,0.6646149758811843,0.652734871584527
1381,2874,49,49,True,0.40782560989594235,0.4139376921131264
1382,2875,49,49,True,0.42425044316999877,0.4731754363866125
1383,2878,49,49,True,0.4827382150742449,0.4573568129347751
1384,2879,49,50,False,0.06916807881953176,0.07423425811939183
1385,2880,49,49,True,0.7628096932795877,0.7495321233173635
1386,2883,49,49,True,0.3021819207841073,0.24019353226470072
1387,2885,49,49,True,0.373498693527228,0.3875007065782325
1388,2887,49,49,True,0.505572772392374,0.48036667211033046
1389,2892,50,50,True,0.20760423306226744,0.09383610619159997
1390,2893,50,49,False,0.3257104691669782,0.2646414375451829
1391,2897,50,50,True,0.7505925440072874,0.4310155400593447
1392,2898,50,50,True,0.6289015288140134,0.5822492321428137
1393,2900,50,50,True,0.4770689052316982,0.4052813279789641
1394,2901,50,50,True,0.797416509733039,0.6101536591578731
1395,2902,50,50,True,0.7089414259513274,0.6444337885372169
1396,2904,50,49,False,0.506042732134854,0.38913836854153483
1397,2906,50,50,True,0.47788605646456994,0.4058276616806805
1398,2908,50,50,True,0.7660013443651286,0.5930123714672867
1399,2909,50,50,True,0.6647473754233889,0.3274328942543495
1400,2913,50,50,True,0.742550687871878,0.4157346455803593
1401,2915,50,50,True,0.4620684428208446,0.16561767236697753
1402,2917,50,50,True,0.8281858271049279,0.815620006461584
1403,2918,50,50,True,0.43536694940777454,0.3471674632079869
1404,2919,50,50,True,0.5815293105213074,0.271738600220751
1405,2920,50,50,True,0.7126762000555087,0.6027604154107281
1406,2921,50,50,True,0.33107850465924327,0.11881670935639642
1407,2923,50,50,True,0.6315857611759319,0.5396247262206892
1408,2924,50,49,False,0.5428509298406614,0.31254769687920997
1409,2926,50,50,True,0.22884650783139876,0.08460718082065717
1410,2929,50,50,True,0.7742186216549627,0.6025893320348226
1411,2934,50,50,True,0.8449289454608966,0.7208205617036687
1412,2935,50,50,True,0.7301526371326982,0.6244645326307207
1413,2936,50,50,True,0.3198055676318209,0.08201250848144528
1414,2938,50,50,True,0.5648812287136111,0.5446646325151232
1415,2940,50,50,True,0.3398278602161114,0.20388705180060795
1416,2941,50,50,True,0.609564186555976,0.5251681235575916
1417,2942,50,50,True,0.8201578228220862,0.7182342312659894
1418,2949,50,50,True,0.5166643236196776,0.5121682709944604
1419,2951,51,51,True,0.8604756033490687,0.8666697683181236
1420,2952,51,51,True,0.39438902300292594,0.4374091582980882
1421,2957,51,51,True,0.5745682007333663,0.5661505216244205
1422,2959,51,49,False,0.25231400161689893,0.25171788421823055
1423,2960,51,51,True,0.5765030635178912,0.5947920118060058
1424,2961,51,51,True,0.3411585849808451,0.3626040290228959
1425,2963,51,45,False,0.19011069080683643,0.28030260331417944
1426,2965,51,49,False,0.20497938831826823,0.21904835713772888
1427,2967,51,51,True,0.5191008177088631,0.5259591048721701
1428,2968,51,51,True,0.43963328938555685,0.43611217699148036
1429,2971,51,51,True,0.38603864445149894,0.3820615425481305
1430,2974,51,51,True,0.36250296225797785,0.41666782716778133
1431,2975,51,51,True,0.41282035887476176,0.3783318769445961
1432,2977,51,51,True,0.40665468434137614,0.4029710605639794
1433,2979,51,51,True,0.30987228924808474,0.3336384604674353
1434,2981,51,51,True,0.4832593537731748,0.5020278993141299
1435,2982,51,51,True,0.3226239365390795,0.36146112804343195
1436,2983,51,51,True,0.6146411452687999,0.64070148260408
1437,2984,51,51,True,0.3492447246173314,0.33992874082898905
1438,2988,51,51,True,0.7432448673880255,0.7586131649932141
1439,2991,51,51,True,0.35650458682936154,0.3788322614259866
1440,2992,51,51,True,0.5263491744146644,0.5274319440766744
1441,2993,51,51,True,0.3552581085008045,0.3537323201263494
1442,2995,51,51,True,0.23072251234095426,0.25411164464515373
1443,2997,51,51,True,0.24386385574870842,0.2679500761447663
1444,3001,51,51,True,0.14055427699224887,0.17534336912090842
1445,3004,51,51,True,0.6931957453386618,0.6820776145114977
1446,3005,51,51,True,0.39035723712425624,0.42928839515854444
1447,3006,51,51,True,0.8045905700885971,0.7784686298991146
1448,3007,51,51,True,0.5451135489600378,0.5226936785491558
1449,3011,52,52,True,0.6017689416972127,0.5452941549240028
1450,3012,52,85,False,0.6021883737581233,0.6068257829670274
1451,3013,52,52,True,0.5972293915722415,0.5494969318758155
1452,3015,52,52,True,0.6739937034664553,0.6251977060791679
1453,3018,52,52,True,0.8147074262784002,0.8302002973477204
1454,3019,52,52,True,0.8510566584151158,0.7838616887143368
1455,3021,52,52,True,0.7964298215012107,0.7830995914653289
1456,3022,52,52,True,0.8234439265376489,0.8668314869210001
1457,3025,52,52,True,0.829598647446552,0.8074856636776695
1458,3029,52,52,True,0.76378541504801,0.731120841299068
1459,3032,52,52,True,0.7976428408944574,0.657588551955309
1460,3034,52,49,False,0.5072443515023906,0.4786089936646697
1461,3037,52,52,True,0.9683791660713993,0.9639552987051256
1462,3039,52,52,True,0.9001177557002175,0.8568228524052608
1463,3045,52,52,True,0.8156151817684594,0.6806234954940499
1464,3050,52,52,True,0.8433153116217417,0.6780303357129673
1465,3051,52,52,True,0.7738772640800178,0.5340226033357993
1466,3053,52,52,True,0.9543028435842164,0.8913137313387854
1467,3055,52,52,True,0.7616985374299795,0.6823964905581555
1468,3056,52,52,True,0.8711247416577729,0.7916891502369252
1469,3057,52,145,False,0.8997410235088218,0.9532793255656631
1470,3058,52,52,True,0.694231519132432,0.6140572889683864
1471,3059,52,52,True,0.4175520088612041,0.3850971303343737
1472,3060,52,52,True,0.336781041752548,0.2807054699095905
1473,3061,52,52,True,0.8682545784064513,0.8313121501976576
1474,3062,52,52,True,0.8539970651928219,0.7619151295311355
1475,3063,52,52,True,0.7928255364424108,0.785248432476826
1476,3064,52,52,True,0.49374293522061513,0.45246031616304294
1477,3066,52,52,True,0.8545415925570488,0.8539685830058455
1478,3067,52,52,True,0.8099581016708285,0.7579953113005117
1479,3071,53,13,False,0.5819045517114417,0.39316441691517956
1480,3072,53,53,True,0.7887127242890171,0.7688273744309334
1481,3074,53,53,True,0.26976725186854356,0.12113972169344214
1482,3075,53,53,True,0.9173215923179423,0.866180778494629
1483,3076,53,53,True,0.8091441158619337,0.6840794184289889
1484,3078,53,53,True,0.6385671450995183,0.679919152975754
1485,3080,53,53,True,0.8132307983578374,0.6096945022077762
1486,3081,53,53,True,0.5551311630120692,0.4135076323324981
1487,3083,53,53,True,0.7541400291659003,0.4718571613252021
1488,3084,53,53,True,0.8662010773550428,0.7851397517333685
1489,3087,53,13,False,0.8976100042063759,0.8729975095408851
1490,3090,53,53,True,0.5540909608257573,0.3825496608156169
1491,3091,53,53,True,0.8019847230470067,0.6401040204461148
1492,3097,53,53,True,0.9695387956917807,0.9066931741786315
1493,3098,53,53,True,0.3570536580062097,0.31983145910412275
1494,3099,53,53,True,0.7810714640772343,0.7419221812386183
1495,3100,53,53,True,0.9028883896109648,0.7045625712634526
1496,3101,53,53,True,0.7977894433440444,0.39965879738548565
1497,3105,53,53,True,0.936845502852897,0.9024497062738436
1498,3107,53,53,True,0.2526876686325273,0.15397277137613055
1499,3108,53,53,True,0.8269672975425004,0.8241247474304862
1500,3110,53,53,True,0.7322987251636613,0.6386633296415759
1501,3111,53,53,True,0.8179383770343116,0.6507953035336126
1502,3112,53,53,True,0.8303088945433537,0.7559334892126666
1503,3116,53,53,True,0.5556034194829906,0.3390275704517799
1504,3118,53,48,False,0.5573536573462717,0.2555928418247937
1505,3124,53,53,True,0.6624261452239841,0.5243460483465867
1506,3127,53,53,True,0.9529793928296763,0.883530554193833
1507,3128,53,53,True,0.3145767112240451,0.14465498978402916
1508,3129,53,53,True,0.9432920409022546,0.8315346409433959
1509,3130,54,54,True,0.6396824123201145,0.44099510589410773
1510,3131,54,54,True,0.7769723729487505,0.7264505388704371
1511,3133,54,46,False,0.22583370472537073,0.13755513714547132
1512,3135,54,54,True,0.9456164730635274,0.9362893885685383
1513,3136,54,54,True,0.6749954132064685,0.5553030280787403
1514,3137,54,54,True,0.8612947706710977,0.781402534862945
1515,3138,54,54,True,0.807572613399215,0.7557708273258584
1516,3140,54,54,True,0.6517245219399428,0.572424088797354
1517,3144,54,54,True,0.6562866947807195,0.5916793799968967
1518,3146,54,54,True,0.9446243462246807,0.9122270588730604
1519,3148,54,54,True,0.7658119077723923,0.7299475393179966
1520,3150,54,54,True,0.94347468630638,0.8826718964354112
1521,3151,54,54,True,0.6705241631202502,0.5903935812525746
1522,3153,54,54,True,0.70597798960131,0.614278900369161
1523,3154,54,54,True,0.6161219314154218,0.45322624157365815
1524,3155,54,54,True,0.8749871864240687,0.8748893030413163
1525,3156,54,54,True,0.5506141873672281,0.4757011073890883
1526,3162,54,54,True,0.8200297723616323,0.7981164703252459
1527,3166,54,54,True,0.847816752059519,0.8174994976904184
1528,3168,54,54,True,0.8687609455883407,0.8037294529677476
1529,3169,54,54,True,0.9528983322981339,0.9213002563412731
1530,3170,54,54,True,0.7466266382865935,0.5952077813200224
1531,3171,54,54,True,0.7884903818152069,0.6402146632873926
1532,3172,54,54,True,0.4691410613064101,0.3453647950488094
1533,3176,54,54,True,0.9015272790566702,0.8422793591042773
1534,3179,54,54,True,0.8935158357923105,0.8493803360561323
1535,3182,54,54,True,0.972295384351811,0.9762354301651612
1536,3184,54,54,True,0.9526295632167256,0.8423488474827442
1537,3185,54,54,True,0.9139528588750322,0.8765156327864361
1538,3186,54,46,False,0.8650361711572957,0.7574188062536134
1539,3190,55,55,True,0.7765799440133423,0.7211216561398494
1540,3191,55,55,True,0.4382309565827539,0.32750378120571727
1541,3192,55,55,True,0.5835606156984515,0.3390335306888386
1542,3193,55,34,False,0.8209460777894221,0.7662143016563249
1543,3195,55,55,True,0.7122729428477274,0.51916175151681
1544,3198,55,55,True,0.23117828547006766,0.1574871353663138
1545,3201,55,55,True,0.84187372804769,0.7969075061833631
1546,3204,55,55,True,0.6704617948449769,0.64432172481939
1547,3206,55,55,True,0.8386422122202107,0.7294057685518406
1548,3211,55,55,True,0.0658790282783862,0.04686517409434094
1549,3216,55,55,True,0.8107517680565777,0.7339553802823652
1550,3218,55,55,True,0.8999419717849021,0.8593375149796322
1551,3219,55,55,True,0.9118672513055684,0.8618801473823628
1552,3220,55,55,True,0.23474277733027082,0.20346313051674614
1553,3222,55,55,True,0.4599099758233637,0.36627079221442094
1554,3223,55,162,False,0.5628942594013255,0.5158775142918905
1555,3225,55,34,False,0.1659303321049865,0.1377422332389506
1556,3226,55,55,True,0.3430031881624035,0.2213465760390955
1557,3227,55,55,True,0.5915431374231669,0.4151127801843662
1558,3228,55,55,True,0.45705958478836506,0.4417937849831636
1559,3230,55,55,True,0.11516733217313652,0.10204494385849774
1560,3231,55,55,True,0.7511243264773168,0.8091547841931654
1561,3233,55,55,True,0.8581922117568729,0.6750605846019793
1562,3239,55,55,True,0.2679354587388782,0.22371931695391295
1563,3242,55,55,True,0.7410573017256425,0.6635626486294653
1564,3243,55,55,True,0.2013777942040682,0.2143477610999959
1565,3244,55,55,True,0.7839276887351039,0.6594427343252959
1566,3246,55,55,True,0.7078764455629455,0.5986384819018206
1567,3247,55,55,True,0.5898620599324111,0.5624512360903656
1568,3249,55,55,True,0.9008392909713085,0.7762304331076154
1569,3251,56,56,True,0.9634711203513575,0.9484227326581985
1570,3252,56,56,True,0.9642354838972641,0.9425863557742415
1571,3253,56,56,True,0.9248517280659438,0.92804881593138
1572,3254,56,56,True,0.9515031677853315,0.9410076884533978
1573,3257,56,56,True,0.9663278114309882,0.9598556846820917
1574,3258,56,56,True,0.7571887676077387,0.7577987679453478
1575,3259,56,56,True,0.9689231523147817,0.9930633131140302
1576,3261,56,56,True,0.8549889861530511,0.8793077060949982
1577,3264,56,56,True,0.9980856760713797,0.9887861157703389
1578,3267,56,56,True,0.6616986963127779,0.6946734302871097
1579,3269,56,162,False,0.3525208793468175,0.33897382594665837
1580,3273,56,56,True,0.9613337717332651,0.9686175630000363
1581,3276,56,56,True,0.8697868388292914,0.8540786323860909
1582,3280,56,56,True,0.843369031258404,0.8305412591443208
1583,3282,56,56,True,0.8902261535669282,0.8593297730716996
1584,3284,56,56,True,0.7423585992331204,0.7221695903088579
1585,3285,56,56,True,0.9728890481892855,0.9313295463354155
1586,3287,56,56,True,0.6989978171023987,0.7144887927785329
1587,3290,56,56,True,0.9499258892724405,0.9448985197077835
1588,3291,56,56,True,0.9005829020794004,0.8707425851903381
1589,3292,56,56,True,0.9610611300818948,0.9224749143767746
1590,3294,56,56,True,0.7285661018554,0.6585606320307483
1591,3295,56,56,True,0.9069889910873052,0.8608628241327149
1592,3296,56,56,True,0.8537256852371436,0.8666091936152689
1593,3298,56,56,True,0.8160009549373276,0.7018035233203954
1594,3299,56,56,True,0.6705474711028255,0.742786137559327
1595,3301,56,56,True,0.4768879883645189,0.4287426993072415
1596,3302,56,56,True,0.9160894179487635,0.8323413906972272
1597,3305,56,56,True,0.8764014922707635,0.8249072053669876
1598,3307,56,56,True,0.7168955911566826,0.7189027594367067
1599,3312,57,57,True,0.9558116766206284,0.9425342492330592
1600,3313,57,57,True,0.9195569283220282,0.8931627572267246
1601,3315,57,7,False,0.8619177246549543,0.7377317028819097
1602,3317,57,85,False,0.8785117494242456,0.870789866847975
1603,3318,57,71,False,0.6471283380779013,0.7983387743900897
1604,3319,57,57,True,0.707317945785212,0.8126001849873086
1605,3321,57,89,False,0.5970716980046811,0.4828871127677621
1606,3322,57,57,True,0.866491168254413,0.8082033210204764
1607,3323,57,71,False,0.7495612078845026,0.6651147293490217
1608,3326,57,57,True,0.6577743495297175,0.7004754461083043
1609,3327,57,57,True,0.15391286638880222,0.25332538349685363
1610,3328,57,85,False,0.6069456961926829,0.6395601356682146
1611,3329,57,57,True,0.4894906218360674,0.5221665110788879
1612,3330,57,57,True,0.25171947735725236,0.41145511438556176
1613,3331,57,57,True,0.9003818206638088,0.8860219913895936
1614,3342,57,57,True,0.6493672840134586,0.7106038386720356
1615,3344,57,57,True,0.7800586876720617,0.7896838757816212
1616,3350,57,57,True,0.41275937516944833,0.4364868376560889
1617,3351,57,57,True,0.9351346991962709,0.774495105748816
1618,3353,57,57,True,0.7527427095610123,0.6097445489925177
1619,3354,57,57,True,0.9077735849156976,0.7667244933802598
1620,3356,57,57,True,0.6602788155281994,0.5875787287255388
1621,3357,57,57,True,0.3433887971210321,0.5383914768425696
1622,3358,57,57,True,0.8865517166384274,0.8285701577959523
1623,3359,57,57,True,0.5880765575259406,0.6414129969479117
1624,3361,57,57,True,0.39619765266977225,0.37200984058340597
1625,3364,57,57,True,0.9333000368098936,0.8514253653252942
1626,3367,57,57,True,0.8627641019727054,0.8687380161555267
1627,3368,58,59,False,0.8293185811328792,0.8342320772598436
1628,3370,58,65,False,0.8879400193183815,0.9034263867208268
1629,3372,58,61,False,0.49932184068797536,0.6905603719339937
1630,3376,58,63,False,0.5578483195487844,0.5659397498984567
1631,3377,58,65,False,0.46444087471650947,0.6127773399964007
1632,3378,58,58,True,0.7026304444719541,0.7107911658610642
1633,3379,58,65,False,0.9337084512193207,0.9145588041836614
1634,3383,58,58,True,0.6795644900498506,0.7333042024574837
1635,3384,58,58,True,0.9743092818536688,0.9752496873664809
1636,3386,58,58,True,0.8714939347418936,0.9373184418797228
1637,3390,58,58,True,0.5592624930784166,0.6814106206016924
1638,3391,58,58,True,0.45176134603278717,0.6759977169837517
1639,3393,58,61,False,0.7676989724797417,0.714252389896217
1640,3399,58,59,False,0.7865367231300271,0.9152637723991782
1641,3400,58,61,False,0.7933908438920988,0.7382726766638193
1642,3403,58,63,False,0.8694659053720366,0.8559640826292285
1643,3404,58,65,False,0.6217135000159114,0.6171202041986839
1644,3406,58,63,False,0.44335666536086005,0.44602960833558636
1645,3408,58,61,False,0.7921736197477606,0.7874911352266617
1646,3409,58,65,False,0.9712898196936651,0.9711207950676178
1647,3410,58,61,False,0.7039220355509053,0.7496230110661798
1648,3411,58,61,False,0.8217591534411901,0.8661388769028809
1649,3413,58,65,False,0.3164689566477042,0.36743311401219597
1650,3414,58,65,False,0.9670925565293936,0.9658982584791073
1651,3416,58,65,False,0.8591982851696867,0.8409948755278753
1652,3417,58,65,False,0.9705163015157846,0.9803540309552131
1653,3418,58,58,True,0.35814884897174987,0.4255202218290277
1654,3419,58,59,False,0.5420353156505504,0.6454743443937475
1655,3420,58,61,False,0.3175410074726217,0.28020927380796823
1656,3421,58,63,False,0.7080200475355355,0.7115605984691896
1657,3428,59,59,True,0.38460719223848927,0.37361747485147667
1658,3432,59,59,True,0.4937528378966486,0.6138993688385552
1659,3433,59,61,False,0.7610806051037872,0.7706594397359184
1660,3434,59,141,False,0.06605238400401985,0.06261687349818923
1661,3436,59,61,False,0.3297277377511102,0.3541140895910036
1662,3442,59,59,True,0.6458551110286066,0.653354893292639
1663,3444,59,59,True,0.6981697976236605,0.7213168870958271
1664,3445,59,65,False,0.5839213233568787,0.5860334700538484
1665,3446,59,61,False,0.09175421655156002,0.0914135518055317
1666,3448,59,59,True,0.716922698041925,0.7402625753390119
1667,3449,59,59,True,0.4280519474112576,0.4268003904046914
1668,3450,59,61,False,0.2971673383327862,0.2998616527157478
1669,3452,59,59,True,0.23575695810197225,0.2299837414608845
1670,3453,59,59,True,0.5429658747952649,0.5740610017908097
1671,3454,59,59,True,0.47531596098417284,0.45703788112675825
1672,3455,59,61,False,0.17872010306016536,0.25897003346627284
1673,3457,59,65,False,0.7715081428749964,0.8262697018465892
1674,3461,59,61,False,0.30415311556533453,0.3148217180678849
1675,3465,59,65,False,0.7518891928999692,0.8028270512976229
1676,3469,59,59,True,0.7175137339522331,0.7460019239011381
1677,3470,59,59,True,0.2389525741049695,0.2550667921535442
1678,3472,59,59,True,0.3186433775375426,0.32248396966424403
1679,3474,59,59,True,0.3516267473588785,0.41855300941481804
1680,3475,59,59,True,0.8474111083481467,0.8246205584007466
1681,3477,59,59,True,0.19289078741962948,0.20607702107142617
1682,3478,59,65,False,0.6302938953596818,0.6772296165370462
1683,3480,59,59,True,0.205320243795261,0.17049416302071987
1684,3483,59,59,True,0.3852783797111474,0.47262190172550983
1685,3485,59,58,False,0.26185963352924935,0.2612331341158326
1686,3487,60,60,True,0.7689899724878151,0.8032272642499152
1687,3489,60,58,False,0.47071918955688274,0.5513071711661165
1688,3490,60,60,True,0.8613462827023827,0.8800797871523577
1689,3491,60,60,True,0.9726356024739121,0.9655723514482133
1690,3492,60,60,True,0.5154521324176403,0.6190283062133748
1691,3494,60,60,True,0.6573688273978332,0.7482173522153296
1692,3495,60,141,False,0.6948098181403657,0.7764770690659167
1693,3496,60,60,True,0.7523062161324838,0.8038421555967955
1694,3499,60,60,True,0.35919845660060645,0.4456582528857938
1695,3500,60,60,True,0.4192886096397276,0.5726167789999626
1696,3505,60,60,True,0.7418242831555619,0.7892170514543396
1697,3511,60,60,True,0.4708532496751389,0.5745974769854203
1698,3513,60,60,True,0.7768437454519895,0.8678743049892241
1699,3514,60,60,True,0.9373251116213568,0.9426849020170084
1700,3515,60,60,True,0.9078878318368395,0.9145870694612528
1701,3519,60,60,True,0.8853488082843068,0.9144148633523562
1702,3521,60,60,True,0.3248560034984831,0.42646583792191844
1703,3522,60,60,True,0.3654878733853759,0.5825954904644881
1704,3525,60,142,False,0.8155505917376188,0.8678222307111292
1705,3526,60,59,False,0.9499530897920335,0.9714354483004539
1706,3527,60,60,True,0.6474531397933958,0.7497923545517957
1707,3528,60,60,True,0.8200611825973789,0.8318784444530554
1708,3529,60,60,True,0.9202660444395411,0.9773217256282498
1709,3530,60,60,True,0.6256692279734625,0.8559376636332977
1710,3531,60,60,True,0.8501792711636437,0.8892739769208221
1711,3536,60,60,True,0.7047742697592344,0.7360496169710694
1712,3537,60,60,True,0.8545912766259014,0.9437251493456502
1713,3538,60,60,True,0.8141022527069618,0.9119178345256507
1714,3541,60,60,True,0.9730302424305324,0.9800603657626364
1715,3543,60,60,True,0.7579869447433791,0.7631060409578507
1716,3547,61,61,True,0.264357947650267,0.21284346285535516
1717,3548,61,61,True,0.7832763918285301,0.47033584666032763
1718,3549,61,61,True,0.7814963522674673,0.7406198055239087
1719,3550,61,65,False,0.3164976000086828,0.30454490201644324
1720,3552,61,58,False,0.27108494039917486,0.233160087207696
1721,3554,61,61,True,0.6399123074451665,0.5031961503435846
1722,3556,61,63,False,0.42466338312054963,0.37333201391936
1723,3557,61,65,False,0.6186763971403625,0.6056400411514768
1724,3562,61,61,True,0.38836794531764224,0.2977188706330205
1725,3566,61,64,False,0.6219642906813417,0.6354855466280062
1726,3568,61,63,False,0.995737167238627,0.9946962114526222
1727,3570,61,58,False,0.5558732701467004,0.47315606135662186
1728,3573,61,61,True,0.4242001768528759,0.4088720889952811
1729,3576,61,61,True,0.5437792436663549,0.5876048909880988
1730,3577,61,61,True,0.49670114989556086,0.4326592854664313
1731,3579,61,63,False,0.5718585121687809,0.4763320047717081
1732,3580,61,44,False,0.4861664043408186,0.400066459620107
1733,3581,61,144,False,0.4820022125189539,0.40566101412651406
1734,3582,61,61,True,0.6247615075576693,0.3837273035129015
1735,3584,61,44,False,0.3191815673357521,0.315506505623333
1736,3585,61,64,False,0.6649256166652648,0.6386940634659783
1737,3592,61,63,False,0.8471640212738863,0.8036473239357355
1738,3593,61,61,True,0.7270909027162775,0.6900800285372294
1739,3594,61,65,False,0.8784872840579206,0.8986434985017495
1740,3596,61,61,True,0.6106598991728894,0.5169220225338509
1741,3598,61,65,False,0.6164465321680893,0.592640887296321
1742,3600,61,61,True,0.1773656486500848,0.17726507152731355
1743,3601,61,61,True,0.8116617072049156,0.5988749372467344
1744,3603,61,61,True,0.6734759511830046,0.6405850813292728
1745,3604,61,58,False,0.4897345058308093,0.42814057212635215
1746,3607,62,62,True,0.6611133319372485,0.6509757854756761
1747,3613,62,62,True,0.5664399459649586,0.5914871804880375
1748,3615,62,62,True,0.6905637324740028,0.6786979528050285
1749,3619,62,62,True,0.7979074192225609,0.807341745062842
1750,3622,62,62,True,0.4346863281955237,0.47067615171777283
1751,3623,62,62,True,0.9230914211799276,0.9296775529750462
1752,3624,62,62,True,0.7656905447105435,0.820321411523391
1753,3626,62,62,True,0.6558938742561213,0.6904258948394937
1754,3627,62,62,True,0.8187043452139323,0.7826056020976406
1755,3631,62,62,True,0.7897924376877534,0.7734245795676329
1756,3632,62,62,True,0.417693405503678,0.48236002783345616
1757,3633,62,62,True,0.7760653280719981,0.7906551004508796
1758,3636,62,62,True,0.70433059590912,0.736920925396344
1759,3638,62,62,True,0.9358177237169029,0.95511826068548
1760,3639,62,62,True,0.4249097403357803,0.4344360844609007
1761,3641,62,62,True,0.6973934288808823,0.734417696727095
1762,3642,62,62,True,0.6842459101451922,0.7776353391207658
1763,3643,62,62,True,0.5692524454423632,0.6101152380097276
1764,3644,62,62,True,0.6432953951187413,0.5918631096634612
1765,3646,62,62,True,0.9300394944707739,0.9423394941279051
1766,3648,62,62,True,0.9869641081814555,0.9868630379493148
1767,3649,62,62,True,0.6954346692922505,0.7342258785859813
1768,3651,62,62,True,0.828962561769324,0.8786749805848768
1769,3652,62,62,True,0.33307642888288846,0.34025148792678855
1770,3654,62,62,True,0.5929923010918458,0.6428289295616689
1771,3656,62,62,True,0.4702227351906265,0.48933231235982977
1772,3659,62,62,True,0.39633934793524883,0.40321159145178687
1773,3662,62,62,True,0.7287153861702297,0.7702368317013263
1774,3664,62,62,True,0.6332587261812935,0.6675419644386558
1775,3666,62,62,True,0.32978481541562205,0.313186125446864
1776,3667,63,63,True,0.8661324050800491,0.8541972920128117
1777,3668,63,63,True,0.9293736735942891,0.9426735511161247
1778,3669,63,62,False,0.8531597297098285,0.5818137930016364
1779,3673,63,63,True,0.6604545261103842,0.6173997417278223
1780,3677,63,61,False,0.9986877435232698,0.9917449354641642
1781,3679,63,63,True,0.912252994391985,0.9213533083303523
1782,3680,63,62,False,0.6279350916913475,0.5198032154581239
1783,3682,63,63,True,0.9658980146055715,0.9731125276399518
1784,3683,63,63,True,0.9718575811602579,0.9767314522282753
1785,3684,63,63,True,0.8074039083953771,0.7678541182209349
1786,3685,63,63,True,0.7481288515083722,0.7991950908617022
1787,3686,63,83,False,0.9213657339187666,0.9302065062626972
1788,3688,63,61,False,0.8662390056290917,0.8744836547318995
1789,3691,63,63,True,0.8669508513874022,0.8251729857575939
1790,3696,63,58,False,0.8630804484737362,0.878810340677059
1791,3698,63,63,True,0.9868474210329309,0.99326735517039
1792,3699,63,61,False,0.8002006850540202,0.8257746942131952
1793,3704,63,63,True,0.8666917923657963,0.902165181309524
1794,3705,63,63,True,0.987691269071625,0.9883289509576397
1795,3707,63,61,False,0.9135247626320644,0.8382371542515401
1796,3708,63,63,True,0.7356078135536849,0.7646173589211478
1797,3711,63,63,True,0.9512936689998287,0.9553580614500017
1798,3713,63,63,True,0.8807770662223122,0.8264034306222044
1799,3714,63,63,True,0.9401062967713872,0.9443305886640999
1800,3716,63,63,True,0.945696600886748,0.9594913759006759
1801,3717,63,63,True,0.8699437855382098,0.9001794575133256
1802,3719,63,63,True,0.8352468343094479,0.8610736498558239
1803,3722,63,63,True,0.7924529201338445,0.8332219086656579
1804,3723,63,61,False,0.896744301815826,0.9389671983097858
1805,3726,63,63,True,0.9252875186890624,0.9175911553859449
1806,3727,64,64,True,0.8921887296593931,0.9042746401886014
1807,3729,64,65,False,0.9296516920107314,0.924628076428751
1808,3732,64,61,False,0.5527558087974763,0.4521461157187974
1809,3733,64,64,True,0.9209114791849727,0.8949430191013474
1810,3735,64,64,True,0.8175688483570304,0.4882618153961932
1811,3742,64,64,True,0.8902922835003808,0.9436064474720202
1812,3744,64,61,False,0.31665306651095,0.34054045317949616
1813,3745,64,64,True,0.6412358035702173,0.6628182889205424
1814,3749,64,64,True,0.9348979302466532,0.8831674756881671
1815,3750,64,64,True,0.563149018118172,0.520952484108747
1816,3751,64,64,True,0.8476664291205851,0.8614647421036019
1817,3753,64,64,True,0.7287388320404617,0.7393146363225804
1818,3755,64,64,True,0.6136178135278807,0.6401010248681943
1819,3758,64,44,False,0.2332987682123022,0.089903222013292
1820,3760,64,64,True,0.566662692337425,0.5035514850095322
1821,3763,64,64,True,0.5975595668179257,0.5105680693952108
1822,3766,64,64,True,0.6234344007885622,0.6890465890877022
1823,3767,64,59,False,0.7191675899855093,0.7435519535501975
1824,3768,64,65,False,0.9588270769376424,0.958513253052788
1825,3771,64,61,False,0.08812897541759351,0.11762674100950485
1826,3777,65,58,False,0.8156181748631243,0.8402134713927233
1827,3778,65,65,True,0.8046948191644187,0.8144905255077631
1828,3779,65,65,True,0.8953838467124752,0.9211582200591347
1829,3782,65,61,False,0.7884146669179696,0.8685284904397619
1830,3788,65,65,True,0.8485024717828958,0.8438237215641874
1831,3789,65,61,False,0.9026019286065756,0.9101691869129166
1832,3791,65,183,False,0.7320939920536669,0.8328772094103137
1833,3793,65,61,False,0.2394491429989428,0.3324287153963664
1834,3796,65,65,True,0.7516444085077316,0.7738947032986622
1835,3797,65,65,True,0.9752409889824826,0.9743465902960812
1836,3798,65,65,True,0.8934633950654359,0.9190523152538123
1837,3800,65,65,True,0.9259340064309097,0.9366265405694286
1838,3804,65,65,True,0.9529640675716987,0.9625677017384535
1839,3806,65,65,True,0.8181507237502053,0.8792947136322071
1840,3808,65,61,False,0.827524349775719,0.8786975023293635
1841,3809,65,83,False,0.792770907333071,0.806858771268534
1842,3813,65,61,False,0.7882118607702853,0.782989237764622
1843,3814,65,65,True,0.6059957537945192,0.6179620968173454
1844,3820,65,61,False,0.8291893845550277,0.8942386213472746
1845,3821,65,61,False,0.7163779434566867,0.8086604558838218
1846,3823,65,65,True,0.9839946266574032,0.9876722525525697
1847,3825,65,65,True,0.7766381951928223,0.8396375419674419
1848,3826,65,65,True,0.7726902483754121,0.7284421237622087
1849,3827,65,65,True,0.5856505805333021,0.6598514359346553
1850,3828,65,58,False,0.8459217092069911,0.8647745704415072
1851,3829,65,64,False,0.9467440135332248,0.9540282297566872
1852,3830,65,61,False,0.7338294004132359,0.8102006685962849
1853,3831,65,61,False,0.6503384320164769,0.6845903895429173
1854,3834,65,58,False,0.5458138496891015,0.5924243117532015
1855,3836,65,65,True,0.8411506325440488,0.8889384068840995
1856,3837,66,66,True,0.6579287771918163,0.7044837120703588
1857,3838,66,66,True,0.9259569089762643,0.9437287429604727
1858,3840,66,67,False,0.7110545170907293,0.7071797298978933
1859,3842,66,67,False,0.741500585693139,0.7512219839217368
1860,3844,66,66,True,0.7339039603556755,0.7808747018696387
1861,3846,66,66,True,0.18818012796243114,0.23578893244322324
1862,3847,66,66,True,0.4084551502383788,0.4608302272049089
1863,3851,66,66,True,0.8074438712531802,0.828849464298212
1864,3852,66,66,True,0.7830175014533238,0.8231359998888754
1865,3855,66,66,True,0.6743992586407955,0.6894223044122997
1866,3856,66,67,False,0.6714775425353529,0.6879976317841024
1867,3857,66,66,True,0.5094995872255456,0.6429538585990483
1868,3859,66,66,True,0.1828696079806475,0.24667377245959343
1869,3863,66,66,True,0.4954846699383721,0.49107065808712813
1870,3870,66,66,True,0.9009378227968136,0.9090290694125766
1871,3871,66,66,True,0.6159684531985853,0.7084535721676559
1872,3875,66,66,True,0.6868469548880279,0.677243362043531
1873,3876,66,66,True,0.7183646743661577,0.7641833030333205
1874,3877,66,66,True,0.39297470193688544,0.4314179611732022
1875,3878,66,66,True,0.2868828147061592,0.3444797678912361
1876,3879,66,67,False,0.6093738837339222,0.5994938750877574
1877,3880,66,66,True,0.7423359709826679,0.8114168876528641
1878,3881,66,66,True,0.3649776427803452,0.3709043057870183
1879,3882,66,66,True,0.5937370714897723,0.7855756481161776
1880,3883,66,39,False,0.5338456016043823,0.569124647323032
1881,3884,66,68,False,0.619537600349619,0.6559018928221002
1882,3885,66,66,True,0.7825458276851335,0.8329166808445478
1883,3886,66,66,True,0.8153940604774094,0.840391976658401
1884,3895,66,67,False,0.7956825118987572,0.844075368638958
1885,3896,66,67,False,0.8227454858067501,0.974133485544255
1886,3898,67,67,True,0.7078643500913995,0.7163885941709659
1887,3899,67,67,True,0.659748985374644,0.6081401878401513
1888,3900,67,67,True,0.7834147496192083,0.7546218573028014
1889,3903,67,67,True,0.6678868977742706,0.7110881496765462
1890,3907,67,67,True,0.7308342390180417,0.7191402664447913
1891,3908,67,67,True,0.8379580871780691,0.8603203046122604
1892,3909,67,66,False,0.4513402841377402,0.4971743599497158
1893,3911,67,67,True,0.6139796035792939,0.5843949402004868
1894,3914,67,67,True,0.5994996009324152,0.588824022749384
1895,3917,67,68,False,0.8071020567188836,0.7902268497698915
1896,3918,67,66,False,0.5083139402028911,0.5414665810557411
1897,3921,67,67,True,0.6361967279534222,0.6356853744411963
1898,3923,67,67,True,0.49932804132986974,0.5632429439394909
1899,3924,67,67,True,0.6617160531025124,0.5288319535054234
1900,3925,67,67,True,0.545234940248184,0.49415259718116905
1901,3926,67,67,True,0.8408126794374643,0.8198472791811889
1902,3927,67,133,False,0.6993552506575809,0.6767601945047272
1903,3929,67,66,False,0.8549903332161968,0.8750611183593295
1904,3934,67,67,True,0.6833498334836396,0.719361851061253
1905,3935,67,68,False,0.30359450512010194,0.35172744057950683
1906,3937,67,67,True,0.4108633418529806,0.28660033734082596
1907,3938,67,67,True,0.385780044506984,0.3808006379450587
1908,3939,67,67,True,0.8326916000296943,0.8588246294689272
1909,3940,67,67,True,0.300984056296336,0.28590069634779375
1910,3943,67,67,True,0.7116944663561869,0.7725758484682228
1911,3944,67,67,True,0.48886341175985343,0.4783443576962174
1912,3945,67,67,True,0.6861647191477754,0.6803434973157821
1913,3947,67,66,False,0.7507222772260499,0.7770602739201624
1914,3951,67,67,True,0.7222849554860428,0.7512135185279994
1915,3953,67,67,True,0.784071929886977,0.8872596095116921
1916,3958,68,68,True,0.8109855714945742,0.7847138276233975
1917,3960,68,68,True,0.9716842392633269,0.9648735254466769
1918,3963,68,68,True,0.8671555822147737,0.8145756824892184
1919,3965,68,68,True,0.7613395246454432,0.7728378386220167
1920,3968,68,66,False,0.6145273325518763,0.7451472338580669
1921,3971,68,68,True,0.8940236830749407,0.9385592156011859
1922,3973,68,68,True,0.4749586827356048,0.4578150122792089
1923,3974,68,68,True,0.7477401562258914,0.7858255055608437
1924,3976,68,68,True,0.7988211653505815,0.8141023898392322
1925,3977,68,68,True,0.8691375907517417,0.8884645322439296
1926,3978,68,68,True,0.732094897982761,0.6974438224409232
1927,3980,68,68,True,0.8716617295162825,0.8678611251836095
1928,3982,68,68,True,0.8271530972735945,0.8320045307538286
1929,3983,68,68,True,0.8675474735953067,0.8687236278218795
1930,3985,68,67,False,0.5196059566258898,0.8175929722820728
1931,3986,68,68,True,0.9617109821707881,0.9630610738586095
1932,3987,68,68,True,0.9089265935881545,0.7392252050504219
1933,3989,68,68,True,0.8928097932075302,0.9186237951494417
1934,3991,68,68,True,0.7530994362930296,0.7517953122858316
1935,3992,68,67,False,0.5751526179318031,0.6315356119760096
1936,3993,68,68,True,0.8658817327196193,0.9635269811126954
1937,3994,68,68,True,0.9325885110243309,0.9538348639377933
1938,3999,68,68,True,0.6537716803190651,0.6118824758329774
1939,4001,68,68,True,0.764242132354472,0.8133674400683819
1940,4002,68,68,True,0.9209459270025742,0.9244619942532588
1941,4004,68,68,True,0.6785252326516054,0.7667671892883678
1942,4009,68,68,True,0.8167422349512719,0.7896962535735883
1943,4010,68,68,True,0.9254199875787003,0.9569014643538689
1944,4013,68,67,False,0.752246424018777,0.7280312253680999
1945,4014,68,68,True,0.9632614025486531,0.969588845460211
1946,4020,69,69,True,0.9336606443882353,0.8908301727004485
1947,4021,69,69,True,0.9714596553720227,0.9468063864863879
1948,4025,69,69,True,0.9452135597942706,0.911488018698926
1949,4026,69,69,True,0.6895830529271485,0.7115083515996713
1950,4033,69,69,True,0.883291682044121,0.863642252139073
1951,4034,69,69,True,0.988940103531544,0.986244636074613
1952,4036,69,69,True,0.8818504286563834,0.8254549898899389
1953,4037,69,69,True,0.7973696630260377,0.8188034184113153
1954,4038,69,69,True,0.9628840277208423,0.9687044119692716
1955,4040,69,13,False,0.9950764012119072,0.9890284688538324
1956,4042,69,69,True,0.9631839475866308,0.9470235742825319
1957,4043,69,69,True,0.969760283699345,0.9514017594411941
1958,4045,69,69,True,0.8385114320726553,0.8047290421242131
1959,4046,69,69,True,0.8061633683568783,0.7740730347169197
1960,4047,69,69,True,0.8927547138593563,0.8848890194934252
1961,4048,69,69,True,0.878401665294805,0.8668028709909866
1962,4050,69,69,True,0.9278662131261667,0.922426401166396
1963,4051,69,69,True,0.7349329268692969,0.7695316906397169
1964,4052,69,69,True,0.9290524873419111,0.9129247192404187
1965,4053,69,69,True,0.9602311121801204,0.969603414162523
1966,4054,69,69,True,0.6121504969230287,0.6672167476365095
1967,4056,69,69,True,0.9350517037297433,0.9372230850694871
1968,4058,69,69,True,0.7689839232360803,0.7344479777143939
1969,4059,69,69,True,0.8081357768627273,0.8138410053927165
1970,4062,69,69,True,0.8395153858738732,0.7951761440237186
1971,4063,69,69,True,0.7690635660500964,0.6668736908722384
1972,4064,69,69,True,0.7959286017843751,0.7491200967166073
1973,4065,69,69,True,0.8416218720792612,0.8421205278649819
1974,4070,69,69,True,0.7965024119146411,0.7328306745034355
1975,4073,69,69,True,0.9979781761725943,0.9976288200178061
1976,4077,70,70,True,0.4042828580242413,0.44413110274088147
1977,4080,70,70,True,0.5212808676484681,0.6393592308773468
1978,4081,70,70,True,0.8747938436881312,0.7525304465493909
1979,4083,70,44,False,0.8012132999980859,0.7749158930418129
1980,4084,70,141,False,0.6829101629983783,0.6916392063125361
1981,4085,70,70,True,0.6480295604324136,0.572342581862873
1982,4086,70,44,False,0.7653252279673929,0.8011523677736141
1983,4087,70,70,True,0.9863659534086847,0.9892791724853067
1984,4088,70,70,True,0.7095067256176608,0.6368676798164479
1985,4089,70,70,True,0.691058146824412,0.6692790165748258
1986,4094,70,70,True,0.8023873504849711,0.7233714116661221
1987,4098,70,71,False,0.8855806513687653,0.8139987758906632
1988,4099,70,70,True,0.839650545660696,0.8012531263566958
1989,4101,70,71,False,0.9367965482542826,0.9812107981746708
1990,4102,70,70,True,0.9929925854589186,0.9959710139394067
1991,4104,70,64,False,0.6056836068091149,0.8133655721371531
1992,4106,70,70,True,0.5199429364732447,0.34299097061827216
1993,4108,70,70,True,0.7364835100472564,0.673040886902668
1994,4109,70,70,True,0.9017042353752963,0.8532019613241026
1995,4110,70,70,True,0.7396521989900267,0.8052587996460094
1996,4115,70,71,False,0.759478090278515,0.786698155016671
1997,4118,70,44,False,0.9520139104700723,0.960128063503692
1998,4119,70,70,True,0.9666961065474576,0.9643714171833832
1999,4120,70,70,True,0.9443115956616491,0.9251422264804045
2000,4121,70,70,True,0.7508088775275427,0.7876116983154107
2001,4123,70,70,True,0.9431770353387894,0.886048029927385
2002,4125,70,71,False,0.5662563293251736,0.5587665762075665
2003,4128,70,70,True,0.7928945065804375,0.7423714654939814
2004,4132,70,71,False,0.5525867647738165,0.5798307375473322
2005,4135,70,65,False,0.895885174387895,0.9177628891125191
2006,4138,71,65,False,0.9034066705810565,0.9649953874802171
2007,4139,71,71,True,0.5969977358364879,0.6043811222174759
2008,4140,71,71,True,0.15439624293986196,0.1610062561971141
2009,4141,71,70,False,0.5261242696966728,0.5312580531123403
2010,4144,71,71,True,0.9561981967881564,0.9532615329208229
2011,4145,71,70,False,0.388082904528496,0.5676140497252415
2012,4148,71,59,False,0.669202381999508,0.6693851999124064
2013,4150,71,71,True,0.39102027257052785,0.46902757374775794
2014,4151,71,71,True,0.6469277576891131,0.711176993867131
2015,4152,71,71,True,0.8205485011917968,0.8420825915466836
2016,4153,71,71,True,0.9048463910652634,0.902762297018082
2017,4161,71,64,False,0.4988897840830333,0.641510847436527
2018,4163,71,71,True,0.286402875991818,0.34063013468150904
2019,4168,71,71,True,0.7616579691289227,0.7656505277510621
2020,4169,71,71,True,0.8737034273962518,0.8970597764487228
2021,4172,71,71,True,0.7241549245123023,0.7242478292137239
2022,4175,71,71,True,0.4291012527846623,0.6307623878167752
2023,4176,71,71,True,0.7796504858688702,0.7899300620141675
2024,4177,71,71,True,0.11410700813450887,0.16802777424110968
2025,4179,71,71,True,0.7513535288535452,0.6890710531915814
2026,4180,71,71,True,0.7001825833634606,0.6696438718821239
2027,4181,71,71,True,0.3147017055909731,0.4817244973882696
2028,4182,71,71,True,0.6974746714815928,0.7028318625151687
2029,4185,71,71,True,0.2738431266424037,0.46352158826801404
2030,4186,71,1,False,0.26773046686093316,0.40234559161037153
2031,4187,71,71,True,0.5081350020517028,0.50222012460922
2032,4189,71,71,True,0.7367722466572537,0.5251586199066312
2033,4192,71,2,False,0.23135959801664535,0.3248333025056535
2034,4195,71,10,False,0.790882988319011,0.7835296648348644
2035,4196,71,70,False,0.6881371530918844,0.6967759565083079
2036,4198,72,72,True,0.5798962783864792,0.7327373934789201
2037,4200,72,72,True,0.4623719582417227,0.34666390482210835
2038,4202,72,72,True,0.9000611419907839,0.8993981164276194
2039,4204,72,72,True,0.9919906086351222,0.9530683221565516
2040,4205,72,72,True,0.7948223710514452,0.7857480235192443
2041,4206,72,72,True,0.8040088257915537,0.7153432742418033
2042,4207,72,72,True,0.840849473402042,0.7312978361521572
2043,4210,72,72,True,0.969822881631665,0.9730824029265314
2044,4212,72,72,True,0.9652418457461042,0.9623972407726363
2045,4213,72,78,False,0.9135666774394006,0.8830179505739703
2046,4215,72,72,True,0.9859754840728424,0.9815333341927959
2047,4217,72,72,True,0.9442680914367699,0.9362791220978878
2048,4220,72,72,True,0.6574219629404008,0.5740039563114877
2049,4222,72,72,True,0.9893556334869064,0.9735331383993828
2050,4224,72,72,True,0.7053978549212516,0.5853590969589516
2051,4225,72,72,True,0.8519762588726039,0.8437393233660578
2052,4226,72,72,True,0.8954401103550956,0.7987957794392719
2053,4227,72,72,True,0.7776579717996575,0.740958789257727
2054,4228,72,72,True,0.7904563477779273,0.6839430791984477
2055,4231,72,72,True,0.7447446976792194,0.5721301340498167
2056,4235,72,72,True,0.9890077131218106,0.9889213427209664
2057,4237,72,72,True,0.8815997582429963,0.8148135379462873
2058,4245,72,72,True,0.9297285196134906,0.899944526440473
2059,4246,72,72,True,0.9528690553087776,0.9341762540593155
2060,4247,72,72,True,0.7514900431630518,0.5803937560837816
2061,4249,72,72,True,0.7155111391974656,0.7122997813521831
2062,4250,72,73,False,0.7301571826167986,0.6926681305125841
2063,4252,72,72,True,0.8971895650392276,0.8568481348956977
2064,4253,72,72,True,0.852011411996495,0.8373536604264726
2065,4255,72,72,True,0.9289062142571621,0.9150012594390939
2066,4258,73,73,True,0.9443929281442488,0.8889584690164632
2067,4261,73,73,True,0.6948437000227711,0.6362136094408224
2068,4262,73,73,True,0.8568988427824888,0.7224034976849761
2069,4264,73,73,True,0.8686536193950289,0.7652695122157743
2070,4265,73,73,True,0.8159270632802744,0.7187591464303723
2071,4270,73,73,True,0.7994678685589621,0.665808771230475
2072,4274,73,73,True,0.9212064003693873,0.8651024192463697
2073,4277,73,73,True,0.9309906011716195,0.8773871281247673
2074,4280,73,73,True,0.9694878386154852,0.9670705826962828
2075,4281,73,73,True,0.9272021397258737,0.8941125313507158
2076,4284,73,73,True,0.8826034194657013,0.8292402252907293
2077,4285,73,73,True,0.7385205998172915,0.7999988826187504
2078,4287,73,73,True,0.9308601958453051,0.8091144137627921
2079,4288,73,73,True,0.898217218622638,0.9276236115353619
2080,4292,73,73,True,0.8487448832647465,0.7431320948649028
2081,4293,73,73,True,0.9235126884876603,0.9010388300828103
2082,4294,73,73,True,0.9320132252471494,0.860465022331672
2083,4295,73,73,True,0.9335909010004861,0.9123450201437552
2084,4298,73,73,True,0.7134733591537539,0.6321257912203303
2085,4300,73,73,True,0.8618760675119399,0.7429757397457752
2086,4304,73,73,True,0.47576009097109717,0.4493840841303769
2087,4305,73,30,False,0.6263124402635101,0.5744646836757826
2088,4307,73,73,True,0.9227678668605348,0.8782072549465204
2089,4308,73,73,True,0.9355966576607445,0.8416289599042361
2090,4310,73,73,True,0.40618303067930167,0.330581562963343
2091,4311,73,73,True,0.9647091774457932,0.9405653225169189
2092,4312,73,73,True,0.5909931302467172,0.538067699775551
2093,4313,73,73,True,0.9583149543471321,0.9360973298183333
2094,4314,73,73,True,0.8757771772738253,0.7648836174553043
2095,4315,73,73,True,0.8695321475337825,0.859839050302168
2096,4317,74,74,True,0.9560436471125441,0.9535998308310576
2097,4318,74,74,True,0.5239505451246059,0.5456522249471022
2098,4319,74,74,True,0.5879883781754762,0.490768631274518
2099,4322,74,74,True,0.8637898635518991,0.8231694812306779
2100,4323,74,74,True,0.7080879362537211,0.6880883954422635
2101,4327,74,74,True,0.8933612729252554,0.8497523735981948
2102,4330,74,74,True,0.627324689897086,0.6989003800977857
2103,4333,74,74,True,0.856126531040899,0.8654834140376605
2104,4335,74,74,True,0.5863106575773296,0.4935900454041111
2105,4336,74,74,True,0.30364384830855545,0.5084514998592932
2106,4337,74,74,True,0.9653413063233239,0.9540730997181148
2107,4338,74,74,True,0.7486862744492833,0.8279967964633893
2108,4339,74,74,True,0.8740861723444597,0.8504708777831096
2109,4340,74,74,True,0.9547834442722676,0.9478233653856706
2110,4344,74,74,True,0.6398077829538984,0.7816255370772108
2111,4351,74,74,True,0.6926593177300626,0.6553310077325757
2112,4353,74,74,True,0.7156683016782683,0.6641213343830823
2113,4357,74,74,True,0.9760327053595588,0.972087343662127
2114,4359,74,74,True,0.8645043896458015,0.8460626703535625
2115,4364,74,74,True,0.8548992177524732,0.817282396861
2116,4365,74,74,True,0.7329285426002856,0.7214165855377512
2117,4366,74,74,True,0.8559981308888862,0.8138923802236193
2118,4367,74,74,True,0.7262658624256628,0.6707067819385841
2119,4368,74,74,True,0.8687087822941103,0.9083779087270251
2120,4371,74,74,True,0.9296788197932371,0.9105582105567247
2121,4372,74,74,True,0.8166785963393416,0.8107738080713356
2122,4373,74,74,True,0.9978240348695464,0.9978133046136691
2123,4375,75,75,True,0.9014713687015492,0.8935020777602984
2124,4376,75,75,True,0.8565584608966967,0.8736010793360155
2125,4377,75,75,True,0.5384471767865668,0.5310778039566194
2126,4378,75,75,True,0.688290116369335,0.5605192492942659
2127,4379,75,75,True,0.5748767129801737,0.5548115730505659
2128,4381,75,101,False,0.5387157799643425,0.577449012318632
2129,4382,75,118,False,0.24333540704973006,0.22858682712603662
2130,4384,75,75,True,0.518107496185501,0.43615943674939733
2131,4386,75,75,True,0.3689648032129922,0.39855098431002045
2132,4388,75,75,True,0.5638583143291024,0.4812466623980274
2133,4389,75,75,True,0.432034803162937,0.4255878574794142
2134,4393,75,75,True,0.8975272091664648,0.9027436434125329
2135,4395,75,75,True,0.6472685131918815,0.5389263558941013
2136,4396,75,75,True,0.6867388576820671,0.6186983601014912
2137,4397,75,75,True,0.7284918925323994,0.7366748619444417
2138,4399,75,75,True,0.44830769129893533,0.4509504090316597
2139,4400,75,75,True,0.7664624876448848,0.7782945433560612
2140,4402,75,75,True,0.3617913250642805,0.30176510677622315
2141,4403,75,75,True,0.609233999980756,0.5549541042012947
2142,4404,75,75,True,0.998401706093756,0.9986189552180471
2143,4408,75,75,True,0.3292783899298618,0.27196863733400317
2144,4409,75,75,True,0.39869212658008085,0.2685085069929867
2145,4411,75,75,True,0.46542002482615397,0.4561241366277531
2146,4413,75,75,True,0.6334077159315462,0.549716805247295
2147,4418,75,75,True,0.43847182046174477,0.3854885293150223
2148,4419,75,75,True,0.41046939351096395,0.2943517535910957
2149,4421,75,75,True,0.8801852592151732,0.8432604102061125
2150,4425,75,75,True,0.7012353802480649,0.6750355309414535
2151,4430,75,75,True,0.6032222002588119,0.6505759211621429
2152,4431,75,75,True,0.7576187839703511,0.6477047688971115
2153,4436,76,76,True,0.9210698783328929,0.9590070597537498
2154,4438,76,76,True,0.6101546857641394,0.7876682886108625
2155,4441,76,76,True,0.7005308034332585,0.6496001326099962
2156,4442,76,76,True,0.31273543999402453,0.44934567062666086
2157,4444,76,76,True,0.8285453805265283,0.8585978782593859
2158,4446,76,76,True,0.8120150246911689,0.8340646264954239
2159,4447,76,76,True,0.8178884886176089,0.8554946789725087
2160,4451,76,76,True,0.544590782060564,0.5186027531482106
2161,4455,76,76,True,0.22236704142608538,0.22663431822274782
2162,4457,76,76,True,0.8601339776279076,0.9082867965195319
2163,4460,76,76,True,0.7113222050717495,0.7583986225736112
2164,4461,76,76,True,0.850172165851289,0.8350826695276445
2165,4462,76,76,True,0.7826706620638779,0.8251207147375109
2166,4463,76,76,True,0.24150250083287791,0.23817053742433283
2167,4464,76,151,False,0.2853795209129253,0.3651835974686818
2168,4466,76,76,True,0.5160934907711007,0.7288482716648673
2169,4467,76,76,True,0.6851129071678433,0.6532563741308002
2170,4468,76,76,True,0.8833434841628993,0.9218242884213911
2171,4469,76,160,False,0.36137495530431435,0.43502107197647066
2172,4470,76,76,True,0.8771433247924798,0.8426347791537645
2173,4472,76,76,True,0.6693875591746736,0.6630519857929424
2174,4474,76,76,True,0.8409597568193209,0.8913406120318835
2175,4479,76,76,True,0.5884008628133381,0.7885154638364218
2176,4480,76,76,True,0.6149139638732832,0.48838457765951476
2177,4481,76,152,False,0.5882962092143521,0.6719892302273925
2178,4486,76,76,True,0.4448327036073419,0.3813104572792086
2179,4487,76,76,True,0.6145488934587745,0.5360830305408055
2180,4488,76,76,True,0.41763529332048843,0.3775171920835904
2181,4492,76,76,True,0.7096193650255846,0.7502617452462836
2182,4493,76,76,True,0.4182636757709648,0.5577322533129107
2183,4496,77,134,False,0.6196814780752584,0.6133438341380419
2184,4497,77,77,True,0.576640967539666,0.6904766159399953
2185,4499,77,77,True,0.5856712009447449,0.5609388184296823
2186,4500,77,77,True,0.5061241226255682,0.43993745503402165
2187,4501,77,77,True,0.9248190451992553,0.9134678385034227
2188,4502,77,77,True,0.5373900214377676,0.5157009721619503
2189,4503,77,77,True,0.7130763600157037,0.6964424709326511
2190,4504,77,77,True,0.31940465136158175,0.37293796122686895
2191,4505,77,77,True,0.5223626624360805,0.5257622463779472
2192,4506,77,77,True,0.5658443410414431,0.5526621429072971
2193,4507,77,77,True,0.6545863863672764,0.6708622396865734
2194,4512,77,101,False,0.6206778248320668,0.524240318522137
2195,4514,77,77,True,0.6195387095274373,0.6215949767016398
2196,4515,77,77,True,0.7696556366468231,0.7600371905602932
2197,4516,77,77,True,0.5519410106064081,0.5971061088313804
2198,4517,77,77,True,0.883748513943137,0.8768466584355683
2199,4522,77,77,True,0.346701925363111,0.38518635725489003
2200,4525,77,77,True,0.3481181636616385,0.3372620701888721
2201,4527,77,77,True,0.34287218974009587,0.3390001287944226
2202,4532,77,77,True,0.6971052121984406,0.7681307622282767
2203,4533,77,77,True,0.44821007579521616,0.4414621762127391
2204,4535,77,77,True,0.5447404554570485,0.5113334295439719
2205,4536,77,77,True,0.22863129337579657,0.19840200986326545
2206,4537,77,77,True,0.6203900192636054,0.6238481381573983
2207,4538,77,77,True,0.8459271920173682,0.823554749611476
2208,4543,77,150,False,0.34541275199868565,0.3460018294628679
2209,4545,77,77,True,0.6367319059181493,0.6697518225500366
2210,4547,77,77,True,0.6723902822700946,0.6758089877936903
2211,4552,77,39,False,0.8121320258597838,0.8497673505613067
2212,4555,78,78,True,0.32320687708373025,0.22844325615170108
2213,4560,78,78,True,0.8861020867010514,0.8608385570330257
2214,4566,78,78,True,0.8240519314059525,0.8439544212981482
2215,4571,78,78,True,0.7492091438048761,0.6766473230823618
2216,4576,78,78,True,0.5219171607460682,0.6593783916368016
2217,4577,78,78,True,0.6698161939928219,0.6772850357034776
2218,4579,78,78,True,0.7216707662662804,0.5621104155596542
2219,4583,78,78,True,0.9232709326911649,0.875832146825483
2220,4584,78,78,True,0.595959263535361,0.5798577848677055
2221,4585,78,78,True,0.5064397375853438,0.45717206152879286
2222,4586,78,78,True,0.793620416645646,0.7669258353825488
2223,4587,78,78,True,0.23727092891986779,0.23930836102612627
2224,4588,78,78,True,0.8469709299025959,0.8522480467256118
2225,4589,78,78,True,0.5012611834427841,0.5960188115040304
2226,4591,78,78,True,0.7803422226086824,0.6769000663063961
2227,4592,78,78,True,0.6811639449091924,0.7176988098886229
2228,4593,78,78,True,0.6322080613378585,0.6652478193216664
2229,4594,78,78,True,0.3035192811231129,0.2936894446472544
2230,4595,78,78,True,0.915369895730081,0.8948798735954085
2231,4596,78,78,True,0.7870419423806451,0.7434423333777365
2232,4597,78,81,False,0.6862087624096157,0.6763034549910218
2233,4598,78,81,False,0.645062488945543,0.5689378608572033
2234,4600,78,78,True,0.7803847222731268,0.7625556644940306
2235,4601,78,78,True,0.4898237547977039,0.4123220443639935
2236,4602,78,77,False,0.8806014923004073,0.9237737006549626
2237,4603,78,81,False,0.4250682190063924,0.3942657070378029
2238,4605,78,78,True,0.6017479606626226,0.6612098528651901
2239,4606,78,78,True,0.8461621063179077,0.8459501862351183
2240,4610,78,78,True,0.842628310094859,0.8997659453763807
2241,4611,78,78,True,0.897043510774038,0.9082215388721321
2242,4613,79,79,True,0.7486369765470625,0.6895614634651004
2243,4615,79,79,True,0.4442244473304074,0.4338311118739249
2244,4618,79,79,True,0.3842135258358662,0.4306051380092066
2245,4622,79,78,False,0.3936025366672694,0.36323163574015205
2246,4623,79,79,True,0.39646605734621776,0.43173244883304934
2247,4624,79,79,True,0.477631628764795,0.42689676963412654
2248,4626,79,79,True,0.5188083905121688,0.5398186793770353
2249,4630,79,79,True,0.6954513141030082,0.7279071365476025
2250,4633,79,79,True,0.9057301200080689,0.8885221489600538
2251,4636,79,79,True,0.5018187333566569,0.6900453434998611
2252,4637,79,79,True,0.2766953112023159,0.3318536891502352
2253,4638,79,79,True,0.4765985598089303,0.4548509321311004
2254,4640,79,79,True,0.7547105466588464,0.73566268113185
2255,4641,79,79,True,0.5910577944911002,0.4955770258771584
2256,4642,79,81,False,0.45993433292352504,0.5125541596623117
2257,4643,79,79,True,0.5249256392857764,0.43548441071235755
2258,4644,79,79,True,0.7625892542830648,0.7718732818036714
2259,4648,79,79,True,0.6675150182692267,0.64433371323574
2260,4649,79,79,True,0.47223702332036,0.5107914588083171
2261,4650,79,79,True,0.32721235320798137,0.33291790169539753
2262,4651,79,79,True,0.467780182468582,0.5181966877479323
2263,4652,79,79,True,0.3449993936989703,0.32424999956937833
2264,4662,79,79,True,0.7775535282368892,0.7849280525773678
2265,4663,79,150,False,0.9818186813805133,0.9743662928620221
2266,4664,79,79,True,0.41836904668952346,0.3543911044044714
2267,4666,79,79,True,0.5165621605415893,0.487799189683608
2268,4667,79,80,False,0.6984908379961847,0.6709752180192307
2269,4668,79,79,True,0.2774054700967092,0.2525665757131825
2270,4670,79,81,False,0.31337863951955963,0.295636337620618
2271,4671,79,79,True,0.16086584922105723,0.13763774683141672
2272,4673,80,80,True,0.6832009268141255,0.70587614121103
2273,4675,80,80,True,0.9980234241756469,0.997282005849647
2274,4676,80,80,True,0.9345137026143794,0.9599927863156149
2275,4679,80,80,True,0.3793811793393212,0.35857207399049323
2276,4681,80,80,True,0.6842101590528316,0.690563201863272
2277,4682,80,80,True,0.8112294970507017,0.7906723381962034
2278,4684,80,80,True,0.7952317825939329,0.7896872622836614
2279,4685,80,80,True,0.4842950827614366,0.4981796432643253
2280,4687,80,80,True,0.6392079245290452,0.5809624101391562
2281,4689,80,80,True,0.7784284427696533,0.7770294637316283
2282,4690,80,80,True,0.9345772869424125,0.9475052850126794
2283,4693,80,80,True,0.6121115905408452,0.6353386287776355
2284,4696,80,80,True,0.7929977032074192,0.7942233706282191
2285,4697,80,80,True,0.9447444664339439,0.924118047074054
2286,4698,80,80,True,0.9136668197572254,0.8586902591328882
2287,4704,80,80,True,0.7916615412538797,0.7778196919859558
2288,4705,80,80,True,0.9491931321185131,0.9420206130527383
2289,4707,80,80,True,0.862208581461242,0.822799563981221
2290,4709,80,80,True,0.8040610597116099,0.5258622079862503
2291,4710,80,80,True,0.9237555407340179,0.9288743030152857
2292,4711,80,80,True,0.8854841405789852,0.8089345148215183
2293,4715,80,80,True,0.9176307820767853,0.9207793700534853
2294,4720,80,80,True,0.927233169162425,0.9198840387014249
2295,4721,80,80,True,0.7756388329292679,0.778868154394023
2296,4722,80,80,True,0.8301312664696934,0.8186620938393808
2297,4725,80,80,True,0.757427442734792,0.8003719375605586
2298,4728,80,80,True,0.8580624394576615,0.8437258873238671
2299,4730,80,78,False,0.4040269558050855,0.39779012715228335
2300,4731,80,80,True,0.9648107578518575,0.9818860086186303
2301,4732,80,80,True,0.7916053616989093,0.7767216515576616
2302,4733,81,81,True,0.5934541566894476,0.402190676501265
2303,4735,81,81,True,0.6940835708338156,0.6579567465672136
2304,4736,81,81,True,0.5993171916443036,0.4122889790525556
2305,4739,81,81,True,0.8230388813506515,0.7645225120408932
2306,4740,81,81,True,0.8164801561336896,0.8729541146889587
2307,4741,81,79,False,0.883854430846198,0.8669189287493024
2308,4742,81,81,True,0.6682593110256416,0.9008340636834273
2309,4746,81,81,True,0.8172396427267653,0.8497264988719735
2310,4750,81,81,True,0.7861881042296364,0.8426915487270655
2311,4751,81,81,True,0.9697280659041557,0.8802066310076688
2312,4752,81,81,True,0.69146699476405,0.607984337009112
2313,4753,81,81,True,0.9404636498142847,0.9680124250606164
2314,4754,81,81,True,0.9734779873078128,0.9908406392170117
2315,4755,81,79,False,0.2523838735971614,0.23539572827440636
2316,4758,81,81,True,0.837850075270629,0.8092254126257975
2317,4759,81,81,True,0.8401882552778609,0.8833663118537017
2318,4761,81,81,True,0.98953929625923,0.9961427068405171
2319,4763,81,78,False,0.8367906683795795,0.7248365846622777
2320,4766,81,81,True,0.9232763063241911,0.8253062494421493
2321,4771,81,81,True,0.740981296587079,0.7745848339318153
2322,4773,81,81,True,0.8395012343184117,0.7674106622644667
2323,4774,81,81,True,0.6994679304931208,0.6475200131385367
2324,4775,81,81,True,0.9412088974732324,0.9110770671402583
2325,4778,81,81,True,0.7162312354406054,0.6888549617892179
2326,4781,81,81,True,0.6817057750056237,0.5991887105084489
2327,4783,81,81,True,0.8357312166989542,0.5374811899640373
2328,4785,81,81,True,0.7247004924392736,0.6143373051600947
2329,4787,81,78,False,0.9444726868194363,0.9268013723127092
2330,4789,81,81,True,0.8638450734115006,0.7724877832283886
2331,4791,81,81,True,0.6574910710361234,0.681340174324582
2332,4793,82,82,True,0.8573900799941736,0.8625770143163601
2333,4795,82,82,True,0.841001659745175,0.9081250081518393
2334,4796,82,82,True,0.5003881735691232,0.4188030547446668
2335,4797,82,134,False,0.09271562908946575,0.13600276929362345
2336,4798,82,82,True,0.7591216999700092,0.7747164526714894
2337,4800,82,82,True,0.8806816272176624,0.8758812472614327
2338,4802,82,82,True,0.8665695397997183,0.8826380237740974
2339,4805,82,82,True,0.7481662597341385,0.6157622909362049
2340,4808,82,82,True,0.3867225458842679,0.35561916683584693
2341,4811,82,82,True,0.8532622136289033,0.8400605470882988
2342,4815,82,82,True,0.8055098842153743,0.8066596821048659
2343,4816,82,82,True,0.4798102962050327,0.5096795264179088
2344,4817,82,82,True,0.7178110393409008,0.724773798409756
2345,4818,82,82,True,0.8237947139148448,0.8602488122319473
2346,4819,82,82,True,0.608619848338221,0.5753445165717989
2347,4823,82,82,True,0.7454391948761377,0.7394060236597214
2348,4824,82,82,True,0.556238621093274,0.48780638254542447
2349,4825,82,82,True,0.8177060491035277,0.8162372121600767
2350,4827,82,82,True,0.4191628552545734,0.4933895266906063
2351,4829,82,82,True,0.9020875225027886,0.8898171881454414
2352,4830,82,82,True,0.89839713755541,0.9101122082363237
2353,4831,82,82,True,0.7008556066933306,0.6721380099507658
2354,4832,82,82,True,0.8309746817460224,0.8491313890498235
2355,4833,82,82,True,0.8408564099860915,0.8271519464653194
2356,4834,82,82,True,0.7933583301547547,0.8281984993794043
2357,4836,82,82,True,0.7636039012987712,0.8090600798552811
2358,4837,82,82,True,0.9126800895336706,0.8987164749745663
2359,4843,82,82,True,0.5413323029451188,0.4355561615613417
2360,4846,82,82,True,0.6435920927133281,0.6173350643857426
2361,4847,82,82,True,0.8103784026241846,0.7760968602243593
2362,4854,83,44,False,0.8963212699090517,0.8739747221888399
2363,4856,83,83,True,0.5960358168756914,0.6297555577852211
2364,4862,83,83,True,0.9398556455615111,0.9619500174028927
2365,4863,83,83,True,0.5747209233830033,0.6248797512480009
2366,4864,83,83,True,0.8315092033495323,0.8825116663455257
2367,4865,83,83,True,0.9081839478115401,0.9048707366445963
2368,4866,83,83,True,0.7922613867597409,0.9134159917968182
2369,4870,83,83,True,0.6345277737260431,0.6711702797861284
2370,4872,83,83,True,0.9353957662777436,0.9381046276885247
2371,4874,83,83,True,0.7434297996716136,0.711589178348442
2372,4875,83,63,False,0.4687018699623638,0.434233386334685
2373,4879,83,83,True,0.9946008143542123,0.9938008278648385
2374,4883,83,83,True,0.9626427745057962,0.9466667190372354
2375,4884,83,83,True,0.9510903974184117,0.9692955013839817
2376,4885,83,83,True,0.8974595254491473,0.9182988640065082
2377,4888,83,83,True,0.8849443490768133,0.9220063176425807
2378,4889,83,83,True,0.8735695899466608,0.8727957192274186
2379,4890,83,65,False,0.9865244651552117,0.9864814076783213
2380,4891,83,83,True,0.8912204121702693,0.8918244601530134
2381,4901,83,83,True,0.8235395880043042,0.7205807498503942
2382,4902,83,83,True,0.8815823551959553,0.8903489294210942
2383,4903,83,83,True,0.591515859952854,0.5702232022239596
2384,4905,83,83,True,0.7068015518149374,0.7389208001370383
2385,4908,84,84,True,0.2760298670764434,0.2545943737691876
2386,4909,84,84,True,0.7030783440594797,0.6870018221940775
2387,4911,84,84,True,0.3632381314545534,0.35096311179359474
2388,4913,84,103,False,0.4023130343209479,0.4051136722218522
2389,4914,84,84,True,0.4979387715958009,0.45844303849798773
2390,4915,84,84,True,0.2811851404854068,0.24394926820155452
2391,4917,84,84,True,0.785929210464575,0.7550162907171647
2392,4918,84,113,False,0.35535678530122855,0.35514868606278405
2393,4919,84,84,True,0.2796386188887521,0.25023584882950084
2394,4921,84,84,True,0.28674623475628336,0.23738700766614318
2395,4924,84,84,True,0.359902140373794,0.31526213449972784
2396,4925,84,84,True,0.45007596545831347,0.4576753911988521
2397,4926,84,84,True,0.778698626145934,0.761615099084062
2398,4927,84,84,True,0.36742665952152725,0.3658082536422401
2399,4928,84,84,True,0.4712379007284171,0.36065032992857576
2400,4931,84,84,True,0.35688703415167117,0.3554549350690816
2401,4932,84,84,True,0.24080386084877012,0.16164318267264538
2402,4934,84,84,True,0.23933966960095127,0.23066717834711004
2403,4936,84,84,True,0.543896621420655,0.49008649903001733
2404,4939,84,84,True,0.5510747694857606,0.5484701785800808
2405,4940,84,84,True,0.4123632815786698,0.40057756873423783
2406,4942,84,84,True,0.6964771895580587,0.6494456083623431
2407,4943,84,84,True,0.30979281707766754,0.2344839781843758
2408,4944,84,84,True,0.66967440871526,0.6029509632523014
2409,4949,84,84,True,0.608547632370819,0.6034935753600933
2410,4958,84,84,True,0.62870051737517,0.6849643584795129
2411,4960,84,84,True,0.7016544341175387,0.5686217494041191
2412,4962,84,84,True,0.23138786384036394,0.14833404200382225
2413,4963,84,103,False,0.7201257978633826,0.7217130384888244
2414,4965,84,84,True,0.4822440258850282,0.4607085569188248
2415,4966,85,85,True,0.23630850428027086,0.1797794788210474
2416,4967,85,85,True,0.11469877705457045,0.11279129357695633
2417,4971,85,85,True,0.2953774695049804,0.2871099663705368
2418,4973,85,85,True,0.22835148148347745,0.1977128126488817
2419,4976,85,85,True,0.2114143567456986,0.166075327819734
2420,4978,85,0,False,0.3725346593722939,0.33273005992584104
2421,4979,85,85,True,0.3507794366848487,0.30781465515937273
2422,4980,85,85,True,0.09439579463430783,0.1032535252773087
2423,4981,85,85,True,0.19191744875916172,0.20518190252946536
2424,4982,85,85,True,0.14521030520976588,0.10853162900780917
2425,4983,85,85,True,0.6367949260108031,0.5972323389900107
2426,4984,85,85,True,0.47688317863915114,0.3947267550543986
2427,4986,85,85,True,0.17642560063452103,0.1703625231434444
2428,4987,85,85,True,0.09586779224712294,0.1112924022574763
2429,4989,85,85,True,0.3782205553282197,0.3095198656789681
2430,4990,85,85,True,0.3334750231789711,0.2955388889883823
2431,4991,85,85,True,0.24194647479709885,0.21409020943313556
2432,4995,85,85,True,0.4052595486904112,0.3981681428826031
2433,4996,85,7,False,0.1105870319608923,0.09111629470021942
2434,4998,85,85,True,0.2806341315551928,0.2930407442865334
2435,4999,85,85,True,0.5791589038886176,0.5704223598035982
2436,5002,85,85,True,0.16179149855285227,0.13154679447239123
2437,5005,85,85,True,0.3619483391110266,0.31253820800680915
2438,5009,85,85,True,0.39729848159335884,0.3752078009689474
2439,5010,85,85,True,0.5277149572534665,0.5003488358176068
2440,5012,85,85,True,0.5926970809315026,0.5331012023718
2441,5013,85,71,False,0.2433398201479583,0.18599488096962166
2442,5015,85,85,True,0.21525672328945722,0.22292111833594586
2443,5021,85,85,True,0.4074380835960521,0.34070248735020436
2444,5025,85,85,True,0.14307821950577207,0.1427707881089827
2445,5026,86,86,True,0.8969455957420276,0.8839117556902829
2446,5027,86,86,True,0.9714741868549492,0.9695344324235866
2447,5028,86,86,True,0.9242897940231867,0.9148248727041445
2448,5029,86,146,False,0.632385488840251,0.5632469053405699
2449,5031,86,86,True,0.9262165868895486,0.9141304218828625
2450,5034,86,86,True,0.8129726192302191,0.8060218549593912
2451,5036,86,86,True,0.8773596260401474,0.8939591964548985
2452,5041,86,86,True,0.8166303495396645,0.7786618435156536
2453,5045,86,86,True,0.8596676115181641,0.8815686241079127
2454,5046,86,45,False,0.8651482168676984,0.7499553767778563
2455,5049,86,86,True,0.8477421903128143,0.8465842376640016
2456,5051,86,86,True,0.8641815811723822,0.8385143815220036
2457,5055,86,86,True,0.9745090991442086,0.9688363774075951
2458,5056,86,86,True,0.8401394534674899,0.8408569488294255
2459,5057,86,86,True,0.8550907168626515,0.8215017633548576
2460,5059,86,86,True,0.9364184433659497,0.9023943876222513
2461,5060,86,86,True,0.8863028332198742,0.8592528010572036
2462,5061,86,86,True,0.9165226684212703,0.9029077101358653
2463,5062,86,86,True,0.6464795206635807,0.631689464641556
2464,5066,86,86,True,0.8935788203089882,0.872163292425998
2465,5070,86,86,True,0.968559272799875,0.974581232729435
2466,5071,86,86,True,0.8278764767241314,0.8292126267141573
2467,5072,86,86,True,0.9498603704374832,0.9531566541997817
2468,5074,86,86,True,0.9441885954410246,0.9326902379028873
2469,5077,86,86,True,0.9398480753512423,0.9586270385805931
2470,5078,86,86,True,0.8512585063242446,0.840680668437242
2471,5081,86,86,True,0.9357413367792884,0.9211485926978473
2472,5082,86,86,True,0.8951910855833732,0.9414024598288012
2473,5084,86,86,True,0.6732617226339842,0.6354547310177955
2474,5085,86,86,True,0.9515540032090695,0.9612882767263138
2475,5090,87,87,True,0.2572482164792982,0.32805492555481935
2476,5094,87,87,True,0.4053916647395421,0.3559197215359163
2477,5095,87,87,True,0.3693350805086425,0.34929586130363854
2478,5097,87,87,True,0.5421652482124564,0.4616828300596279
2479,5098,87,87,True,0.8006754081404989,0.9218431787618016
2480,5100,87,87,True,0.8626782641437896,0.8546534906620371
2481,5101,87,87,True,0.65752998320917,0.7498718703566045
2482,5102,87,87,True,0.5412622591714917,0.6756732625303695
2483,5103,87,87,True,0.7610062698381119,0.7457251783974768
2484,5104,87,87,True,0.45930770694423717,0.47054017684041277
2485,5105,87,87,True,0.6668925159827951,0.6288057528566374
2486,5106,87,87,True,0.7656741008855742,0.7910856274344602
2487,5107,87,120,False,0.5493212592048643,0.5105289790016935
2488,5108,87,87,True,0.6719047945841983,0.6851986874676582
2489,5110,87,112,False,0.4170644075968693,0.5607339196867849
2490,5113,87,87,True,0.46005069314609104,0.44773112723857994
2491,5115,87,87,True,0.8427312539019294,0.8088893137686426
2492,5118,87,87,True,0.39903031361049307,0.32567626119089155
2493,5119,87,87,True,0.8342145514829775,0.841686207750358
2494,5120,87,87,True,0.5837844594861541,0.7603138763040522
2495,5122,87,87,True,0.7552334309625665,0.7991066435104813
2496,5124,87,87,True,0.6403053135216286,0.6644732681178895
2497,5125,87,87,True,0.3389823850040159,0.3987641163559856
2498,5132,87,87,True,0.9985598646507687,0.9953491382221515
2499,5133,87,127,False,0.5119247971864039,0.5523462352197914
2500,5134,87,87,True,0.7224416043428729,0.7088048135093249
2501,5136,87,87,True,0.438076399794595,0.42635311720811225
2502,5137,87,87,True,0.3255164233215471,0.36121290133398093
2503,5140,87,87,True,0.8294896100806834,0.7970217193772432
2504,5141,87,87,True,0.5156820120351964,0.5976764710913751
2505,5146,88,89,False,0.30959196890762564,0.23667475433028234
2506,5150,88,88,True,0.9365653435847671,0.827856677557303
2507,5154,88,88,True,0.9303338545495373,0.7973448516612477
2508,5156,88,88,True,0.7149227204093614,0.6115490366197655
2509,5160,88,88,True,0.7109768760164797,0.5558618276049706
2510,5161,88,88,True,0.7595799695897719,0.46569436526110547
2511,5165,88,89,False,0.29072694345506966,0.3343273360835827
2512,5166,88,88,True,0.638294573659414,0.5948451892871082
2513,5167,88,88,True,0.7563533046778328,0.6397120068297846
2514,5169,88,88,True,0.5254479934162073,0.38775346772046104
2515,5177,88,88,True,0.8470005783078296,0.6983938559579806
2516,5178,88,88,True,0.707312275398636,0.6090161183678063
2517,5179,88,88,True,0.9482288979353365,0.8803105759003884
2518,5182,88,88,True,0.9396967899095527,0.8150713630645333
2519,5183,88,88,True,0.8345372033450761,0.7513209639112138
2520,5186,88,88,True,0.8330613326935227,0.8840516696268589
2521,5188,88,88,True,0.8868633934586484,0.7967907979387416
2522,5189,88,89,False,0.4664936332772015,0.3444265337897631
2523,5190,88,88,True,0.8234229479748956,0.6225749943297938
2524,5191,88,50,False,0.546108693254441,0.4106332952673327
2525,5192,88,88,True,0.9329127622420619,0.8206879426251978
2526,5193,88,49,False,0.5355399238081532,0.4375484859419332
2527,5195,88,88,True,0.5624902158462588,0.48110981161232824
2528,5197,88,88,True,0.827215091502822,0.7791585041293332
2529,5198,88,88,True,0.7517451043779412,0.6682782261264917
2530,5199,88,183,False,0.09130861772031058,0.08777788900187627
2531,5201,88,88,True,0.9504465030397218,0.9151021885614444
2532,5202,88,88,True,0.8506542162747596,0.7723028759915718
2533,5203,88,88,True,0.8840053316862824,0.8627934000049414
2534,5205,88,88,True,0.8892518146344411,0.8421943942854427
2535,5207,89,89,True,0.5300006106649235,0.47855355673743305
2536,5209,89,89,True,0.48015462471002013,0.5603794745298307
2537,5213,89,89,True,0.4095182599498069,0.42283401743778354
2538,5214,89,89,True,0.9283557339721307,0.9126888079466735
2539,5216,89,89,True,0.7948280847336241,0.8247219033010235
2540,5218,89,89,True,0.6747457534241176,0.6673460007105202
2541,5219,89,89,True,0.6285008609187576,0.5475689799861978
2542,5220,89,89,True,0.6083082482385369,0.5462147099282275
2543,5223,89,89,True,0.8006986976507409,0.6620048833835381
2544,5224,89,89,True,0.7788275993519916,0.7678592748398274
2545,5225,89,45,False,0.6038320263369971,0.5073422321516946
2546,5226,89,50,False,0.2009271389193793,0.14530300037766436
2547,5227,89,89,True,0.910046044396771,0.9000592573178554
2548,5228,89,89,True,0.684698809727353,0.7261607132247346
2549,5229,89,89,True,0.40677350571403575,0.38153796108870014
2550,5232,89,89,True,0.39190484980249213,0.4192812216645241
2551,5234,89,89,True,0.788009808767773,0.8053141505920091
2552,5238,89,89,True,0.5584953301852383,0.5354440454719808
2553,5240,89,89,True,0.32947906840689223,0.24380892654553435
2554,5243,89,89,True,0.5933103762031167,0.5622584057382999
2555,5245,89,89,True,0.7217983265213759,0.613004746648008
2556,5247,89,89,True,0.6554275995177328,0.6723849050352361
2557,5250,89,57,False,0.633442690315923,0.535615122508068
2558,5253,89,89,True,0.7864766186999239,0.777092527516523
2559,5254,89,89,True,0.5881353535051751,0.4717096287786313
2560,5257,89,85,False,0.6201819842615421,0.5990738185228812
2561,5258,89,89,True,0.613127977910151,0.536290264972238
2562,5259,89,89,True,0.5654566540127024,0.5715689308217095
2563,5263,89,89,True,0.44962699378463644,0.35456768692762164
2564,5265,89,89,True,0.4440555907870972,0.3513330477780871
2565,5266,90,90,True,0.7916117686092428,0.7428068686917201
2566,5272,90,90,True,0.72593190708197,0.6514664505120629
2567,5273,90,90,True,0.4924335852043163,0.48905505671165744
2568,5274,90,90,True,0.4772899037298588,0.5319435198814891
2569,5275,90,90,True,0.6883030350344314,0.7698028532179484
2570,5276,90,101,False,0.754227683092971,0.6817183104813122
2571,5277,90,90,True,0.4331846823277638,0.4103141619649632
2572,5282,90,90,True,0.7875444951919607,0.9052026689764152
2573,5283,90,90,True,0.5806959495066624,0.4178531791986302
2574,5284,90,90,True,0.6998818978441564,0.710397708008722
2575,5290,90,90,True,0.8239134278348477,0.7254947320200018
2576,5291,90,90,True,0.36058412567908865,0.365910795964768
2577,5293,90,90,True,0.7840458698889252,0.6666675724474852
2578,5296,90,90,True,0.7909128038204022,0.8399177153988223
2579,5298,90,146,False,0.21793355185655042,0.13684907781355318
2580,5299,90,18,False,0.35027186079319117,0.40626247353161704
2581,5301,90,90,True,0.6097235802856594,0.607161320591444
2582,5306,90,90,True,0.6988583159023467,0.812345624942889
2583,5307,90,90,True,0.8952813584249426,0.8183340935519762
2584,5309,90,90,True,0.3333820774689677,0.2696401803202627
2585,5311,90,90,True,0.7022739999683855,0.7217648596785903
2586,5312,90,90,True,0.8098410022754465,0.814230830407631
2587,5316,90,90,True,0.5292424709631,0.48041052005710544
2588,5317,90,90,True,0.5226520578086598,0.4629304147858211
2589,5318,90,90,True,0.14773593319042214,0.14430652615558048
2590,5319,90,90,True,0.26704368174726983,0.2520077453089464
2591,5320,90,90,True,0.4652356894232513,0.4006166446382675
2592,5321,90,90,True,0.8519434760371557,0.8475467453677665
2593,5324,90,90,True,0.28424081411828755,0.23168321204754216
2594,5325,90,90,True,0.5256563556821198,0.6624525760888865
2595,5326,91,91,True,0.619786045810861,0.5726775205552634
2596,5328,91,104,False,0.7552002659077057,0.7126555155964212
2597,5329,91,91,True,0.8826184043118005,0.7863873281993686
2598,5330,91,91,True,0.8863337187126137,0.8432878165470887
2599,5331,91,91,True,0.4429666958915361,0.5205094958645003
2600,5332,91,91,True,0.6507492667280037,0.6255354852904714
2601,5334,91,91,True,0.5426196652314237,0.6187804366870013
2602,5335,91,104,False,0.9273428509057305,0.9234655391985905
2603,5336,91,91,True,0.9684199624595019,0.9330259978175085
2604,5337,91,91,True,0.7276882188414681,0.6571330237530519
2605,5343,91,91,True,0.18639819495796073,0.46188028903460315
2606,5344,91,91,True,0.1976021478123259,0.08965980989472995
2607,5346,91,91,True,0.39203006357158426,0.3405416722366193
2608,5347,91,91,True,0.8262648861853328,0.7699191360696677
2609,5349,91,91,True,0.3591929596624223,0.3695305068783477
2610,5352,91,91,True,0.5781791964236981,0.5239620964794819
2611,5353,91,71,False,0.4414617199024837,0.2114134654233088
2612,5361,91,91,True,0.5364522786720244,0.5660778537604387
2613,5363,91,91,True,0.39380542203452246,0.4025314643831898
2614,5364,91,91,True,0.7151372413392264,0.5955091647469393
2615,5365,91,91,True,0.90681207944324,0.8196791655037411
2616,5369,91,91,True,0.277374929959146,0.20504364179159337
2617,5372,91,91,True,0.9285043933891303,0.8882965982958364
2618,5373,91,91,True,0.6628485268782811,0.5527164613806881
2619,5376,91,91,True,0.3113355695742612,0.29865834253745777
2620,5377,91,91,True,0.7635089046668733,0.6320440193503531
2621,5379,91,91,True,0.6740994046627824,0.576021299040235
2622,5380,91,91,True,0.5173566437540926,0.3488563746975969
2623,5383,91,91,True,0.3389200804468229,0.18610095647297234
2624,5384,91,91,True,0.7435036227351336,0.665836155047696
2625,5386,92,92,True,0.6550216214819716,0.6526483292958934
2626,5387,92,92,True,0.45049047435191436,0.5474133330140153
2627,5388,92,92,True,0.29823569806982614,0.4872816029184158
2628,5389,92,92,True,0.38275410620780964,0.3743773853842725
2629,5390,92,92,True,0.5649062340858148,0.5815194830712752
2630,5391,92,92,True,0.6110562070894285,0.6133829990862412
2631,5395,92,92,True,0.9539812234292215,0.9588245204680169
2632,5399,92,92,True,0.62794172775901,0.6441495831482276
2633,5402,92,92,True,0.37827603918500935,0.39316268394231213
2634,5403,92,92,True,0.8924616022714579,0.9214987877553664
2635,5406,92,92,True,0.3008499337009993,0.30883537229120966
2636,5407,92,92,True,0.8246311062352545,0.8054597674315414
2637,5409,92,92,True,0.698129202900814,0.5647133642926259
2638,5410,92,92,True,0.8141469398123283,0.839169110463742
2639,5411,92,92,True,0.9473308859537312,0.9704659033369682
2640,5412,92,92,True,0.8094962710827791,0.7909921129836913
2641,5413,92,92,True,0.7347746861023867,0.7298632742206952
2642,5421,92,92,True,0.8187410479526492,0.7382295906369275
2643,5422,92,92,True,0.5996447032141696,0.5312136906335702
2644,5423,92,92,True,0.3920840043404623,0.4374663555343818
2645,5426,92,92,True,0.3458029795798282,0.2629932817170158
2646,5427,92,92,True,0.8787643406938147,0.8413981120988494
2647,5428,92,92,True,0.6620922768245119,0.6019117659662493
2648,5431,92,92,True,0.2937438020875382,0.2780514959518139
2649,5434,92,92,True,0.6892758594685607,0.7245003538607041
2650,5435,92,92,True,0.5043511719519159,0.48819613017811014
2651,5437,92,92,True,0.7380820716071892,0.676469048216595
2652,5438,92,92,True,0.9744876648442325,0.9752214766987689
2653,5440,92,92,True,0.6106628782645227,0.6223748867623289
2654,5445,92,92,True,0.5721050775264253,0.6504395327661766
2655,5446,93,93,True,0.7288999578758306,0.6508573799554901
2656,5447,93,93,True,0.8836335540325652,0.881794876511799
2657,5448,93,93,True,0.7937363282105984,0.794578180441856
2658,5449,93,93,True,0.8489886053704548,0.7077842881781687
2659,5451,93,93,True,0.9458349488062234,0.9235301845415141
2660,5453,93,93,True,0.7041603813993331,0.8746801706056309
2661,5455,93,93,True,0.7135056367390692,0.642761076031882
2662,5456,93,93,True,0.7110911455948756,0.7063734176236577
2663,5457,93,93,True,0.9223181527499991,0.870222001714506
2664,5464,93,93,True,0.6991803047867571,0.659323001364755
2665,5468,93,93,True,0.7473646751546706,0.6931591320128687
2666,5470,93,93,True,0.6828408758372687,0.6072317509295975
2667,5471,93,93,True,0.8583368559681497,0.7553217174871764
2668,5474,93,93,True,0.8278474218409825,0.7873569142617863
2669,5476,93,93,True,0.8057475666696521,0.8264749114344327
2670,5478,93,93,True,0.882062922132792,0.8714930765797196
2671,5479,93,93,True,0.9608632935181595,0.936038244881533
2672,5480,93,93,True,0.7416697005236215,0.8364801528497526
2673,5483,93,93,True,0.6231996480178104,0.5311854468264965
2674,5485,93,93,True,0.5913012592708741,0.5837028867826937
2675,5487,93,93,True,0.2531348331319729,0.21726725608153558
2676,5488,93,93,True,0.9209651696616795,0.8487453061283343
2677,5489,93,93,True,0.36380440185915086,0.3238155088437592
2678,5491,93,93,True,0.841273763883062,0.6970435281497803
2679,5494,93,93,True,0.6523286729050819,0.5889056305095686
2680,5496,93,93,True,0.7816413576503711,0.7541978712625439
2681,5497,93,93,True,0.748772786596723,0.7249912498678319
2682,5499,93,93,True,0.923911702473822,0.8974504756864541
2683,5502,93,163,False,0.7515021503049895,0.6921449781046265
2684,5505,93,93,True,0.7968277326223581,0.7790165213013436
2685,5506,94,94,True,0.861487190146925,0.8831432491498037
2686,5508,94,174,False,0.40538946792906083,0.45014275384637625
2687,5509,94,94,True,0.575574595787282,0.599452651630638
2688,5510,94,94,True,0.8691212073719482,0.8087674195098508
2689,5515,94,94,True,0.2500236583433036,0.28109462627471965
2690,5519,94,174,False,0.9701669578978515,0.9783621395849488
2691,5520,94,95,False,0.6728210376396954,0.7315407337326973
2692,5521,94,94,True,0.9791818184341722,0.9660577550924622
2693,5524,94,94,True,0.35775595291029916,0.5018494903166507
2694,5525,94,174,False,0.8392647932020839,0.9102680481343612
2695,5527,94,94,True,0.9552138972949166,0.9546037520584248
2696,5529,94,94,True,0.9071681324822777,0.8846964258314799
2697,5530,94,94,True,0.6703528838580949,0.7544569003047451
2698,5531,94,94,True,0.6958733119907246,0.7932595391818724
2699,5532,94,94,True,0.9721917444870668,0.9069585976725861
2700,5533,94,95,False,0.9655784941072052,0.9621269131321754
2701,5536,94,94,True,0.5149161369227864,0.4241433142814864
2702,5537,94,94,True,0.5701976846346443,0.61885716643513
2703,5538,94,94,True,0.42927350087051075,0.2955186511876627
2704,5539,94,94,True,0.8909050449182786,0.8568119939210475
2705,5541,94,94,True,0.6921991416935936,0.756411202073965
2706,5542,94,94,True,0.8023737020903356,0.8408732290239181
2707,5544,94,94,True,0.6048235996265838,0.6719796109503712
2708,5546,94,94,True,0.6812844038739457,0.7185615938292738
2709,5547,94,95,False,0.9729922890399519,0.9398797935745754
2710,5548,94,94,True,0.6665795576559433,0.7000178595238084
2711,5550,94,94,True,0.9690803914672744,0.9464284121692664
2712,5551,94,94,True,0.7163533931434424,0.7782966700171121
2713,5552,94,94,True,0.6549643673317815,0.7481484952314013
2714,5555,94,94,True,0.6977209688335282,0.6674533800209971
2715,5567,95,95,True,0.6677539432787244,0.6607976428127167
2716,5568,95,95,True,0.9246628253933125,0.9317036235905127
2717,5569,95,95,True,0.9714197493976142,0.9687944876821719
2718,5570,95,95,True,0.9850565394535074,0.9791314821798673
2719,5571,95,176,False,0.849207901958335,0.8725030398077825
2720,5572,95,95,True,0.8869296616841267,0.90607371144238
2721,5574,95,95,True,0.9104685204257299,0.9034076606465692
2722,5575,95,95,True,0.8251693208820349,0.8556516800852354
2723,5576,95,199,False,0.7226054046423697,0.5990425833424027
2724,5578,95,173,False,0.7996223618225324,0.7831323895231755
2725,5580,95,95,True,0.7679198900931578,0.7953553889091385
2726,5585,95,95,True,0.9492817655284215,0.9492846049829007
2727,5588,95,95,True,0.920371294150817,0.8968427775210139
2728,5589,95,97,False,0.5356282163809223,0.5869419058162367
2729,5591,95,95,True,0.8594334945118927,0.8563624912264305
2730,5597,95,94,False,0.9118065564717753,0.9307932455715796
2731,5598,95,95,True,0.7864697156563818,0.8263890513025902
2732,5602,95,95,True,0.3304942424396839,0.5071993423644985
2733,5605,95,95,True,0.7357611272862652,0.79040954960117
2734,5608,95,95,True,0.7995758499820426,0.7672924673748421
2735,5610,95,95,True,0.8572181558556619,0.8007630280712564
2736,5613,95,95,True,0.8628488120242003,0.940209145559392
2737,5614,95,11,False,0.687471404617972,0.6838170827566354
2738,5615,95,95,True,0.9332082201335259,0.9431301683357568
2739,5616,95,95,True,0.2963225501216921,0.30204884449176583
2740,5617,95,95,True,0.8483451674170222,0.8210216426538225
2741,5622,95,95,True,0.9307852792652817,0.9434087871598031
2742,5623,95,97,False,0.9642343893628864,0.9556666255168846
2743,5624,95,95,True,0.7796813494046516,0.7753868462066116
2744,5625,95,95,True,0.8146473366828957,0.7975808038408736
2745,5626,96,96,True,0.5288635794329503,0.3655323983386402
2746,5627,96,96,True,0.6118983141332144,0.6211807700089141
2747,5632,96,96,True,0.873828048529562,0.7956034308530467
2748,5633,96,160,False,0.7742091390828251,0.7103372119833747
2749,5634,96,96,True,0.4984567572189148,0.3683945096020239
2750,5638,96,96,True,0.8153515027272793,0.7535380524488559
2751,5639,96,96,True,0.6558012163158825,0.628402702863362
2752,5640,96,96,True,0.8317920992324764,0.795358096387498
2753,5644,96,46,False,0.08638965118895482,0.08091461829640498
2754,5645,96,125,False,0.6732178428747351,0.6111370506493201
2755,5647,96,96,True,0.8104544236789096,0.7297103558145964
2756,5649,96,94,False,0.5958135023959252,0.6132022200724655
2757,5650,96,96,True,0.7184645105897893,0.6750218527552805
2758,5652,96,96,True,0.5864682631782039,0.45567301059537146
2759,5653,96,96,True,0.8431663112663288,0.794377526256618
2760,5654,96,91,False,0.18244952110571766,0.22372396362313798
2761,5656,96,96,True,0.6521977386607112,0.5521483625281859
2762,5659,96,20,False,0.8922303044835554,0.9466081975769264
2763,5660,96,96,True,0.7590926798050628,0.5091534422697532
2764,5664,96,96,True,0.5356713116398963,0.4230090122934331
2765,5665,96,96,True,0.7713729645116224,0.61289790889565
2766,5667,96,174,False,0.7667940856791597,0.7242521125778831
2767,5668,96,96,True,0.9358777537468089,0.8990770654797128
2768,5669,96,96,True,0.7472200289976553,0.8731707478017957
2769,5672,96,96,True,0.8836475540044698,0.7734427947621447
2770,5677,96,108,False,0.8527321675859497,0.7894060729993585
2771,5679,96,96,True,0.5825180062373573,0.4678736405209752
2772,5682,96,95,False,0.367957056200868,0.39139384215313267
2773,5683,96,96,True,0.7220873787902845,0.60467403915653
2774,5685,97,97,True,0.8330476324330245,0.8810618711661465
2775,5686,97,97,True,0.7132830142862923,0.6888853703274144
2776,5687,97,97,True,0.7209148877883576,0.6457053801368682
2777,5692,97,97,True,0.8544967291571806,0.7615500200048988
2778,5693,97,97,True,0.6095701280639286,0.7644434284730653
2779,5694,97,97,True,0.5761214943930874,0.7273287999847637
2780,5697,97,68,False,0.3945474677288134,0.35037608553964306
2781,5700,97,97,True,0.9873486313661943,0.9559995208936293
2782,5703,97,97,True,0.7416943906950705,0.7686387547964704
2783,5706,97,97,True,0.9174448864840633,0.9175711737508789
2784,5707,97,97,True,0.9888494234997895,0.9711913838720905
2785,5711,97,97,True,0.8627604923793708,0.7560888778583885
2786,5712,97,97,True,0.697529880336976,0.7410591184978146
2787,5714,97,97,True,0.42722231533281324,0.5306452828382984
2788,5715,97,97,True,0.4241618195877159,0.36030129885317164
2789,5717,97,97,True,0.8487976088508412,0.8847341222309336
2790,5719,97,97,True,0.6546922643445569,0.7839122051938192
2791,5722,97,97,True,0.7178500907589321,0.7345114470667546
2792,5725,97,97,True,0.7270571911625784,0.7869194526257632
2793,5728,97,97,True,0.7287279741700112,0.7750378370945564
2794,5730,97,97,True,0.4517881702553083,0.49205672335819717
2795,5731,97,97,True,0.5926278602895756,0.7193088211186338
2796,5734,97,97,True,0.6502781181063216,0.6687785848599039
2797,5735,97,97,True,0.7541519089875682,0.8758588490503246
2798,5736,97,97,True,0.9374872059270755,0.9478903480530931
2799,5738,97,97,True,0.35506220768341756,0.441428726852633
2800,5739,97,97,True,0.6514901002462687,0.7143620587708887
2801,5740,97,97,True,0.5789196296997907,0.5741422935530299
2802,5741,97,97,True,0.5890104852702139,0.7533799884765677
2803,5742,97,97,True,0.6480156640225782,0.6391902881638596
2804,5746,98,98,True,0.38733092298836824,0.4867717307133368
2805,5748,98,98,True,0.6808182918609724,0.7288206592027657
2806,5749,98,98,True,0.3532422989278492,0.44482387392855294
2807,5751,98,98,True,0.4496516969595501,0.5493239211523081
2808,5752,98,98,True,0.17328923297598653,0.1848741033660561
2809,5753,98,98,True,0.9816677200303824,0.9826953283659193
2810,5755,98,98,True,0.2480161070319182,0.33063072242644626
2811,5757,98,98,True,0.35657439156903536,0.398880078596184
2812,5759,98,98,True,0.4325216218760315,0.49766897125539444
2813,5760,98,124,False,0.35897469163714224,0.35579237689129467
2814,5763,98,98,True,0.826138018026778,0.8278074863374779
2815,5766,98,98,True,0.5098175532222288,0.44458847980697175
2816,5767,98,98,True,0.8158399827367924,0.8192099930140568
2817,5768,98,148,False,0.45203063521661146,0.6678464580777418
2818,5769,98,98,True,0.38496203155240594,0.35475067444220015
2819,5774,98,98,True,0.708494965559356,0.8104619009793262
2820,5775,98,98,True,0.7458676322708456,0.7877672699235094
2821,5777,98,120,False,0.39738961809559276,0.42145676908199164
2822,5784,98,98,True,0.7037498818668547,0.63465430584831
2823,5785,98,98,True,0.7513489883163501,0.7409828697565315
2824,5786,98,98,True,0.5804450200986858,0.6533733467725553
2825,5787,98,98,True,0.5526193623208047,0.5107496332987226
2826,5788,98,98,True,0.4572449905637126,0.5673868688398772
2827,5789,98,98,True,0.6026366753661632,0.6453468219273472
2828,5791,98,98,True,0.28665468353383317,0.32833276531382194
2829,5795,98,98,True,0.750204643780334,0.7695053439704042
2830,5797,98,120,False,0.5345670182016514,0.4409094974944932
2831,5798,98,98,True,0.5554443131108402,0.6130267708787002
2832,5799,98,98,True,0.5621590918252397,0.6376024251688236
2833,5801,98,195,False,0.25049745230633746,0.31681037503177045
2834,5805,99,99,True,0.926047611701805,0.9110097242768288
2835,5806,99,99,True,0.9718180707106037,0.9657987750156345
2836,5807,99,99,True,0.7821349267486438,0.7600761882955964
2837,5808,99,99,True,0.5897065686920798,0.546656551861406
2838,5809,99,99,True,0.6080218920919863,0.6673085979175725
2839,5810,99,99,True,0.8994793865115881,0.9047563952615071
2840,5813,99,99,True,0.9460617406362934,0.9309920248547936
2841,5814,99,99,True,0.8541106294429465,0.8138935932417737
2842,5815,99,99,True,0.6285854775724904,0.6396384520135964
2843,5816,99,99,True,0.7555055607135046,0.6543482195510764
2844,5817,99,99,True,0.7654700678244781,0.744517137554753
2845,5818,99,99,True,0.7048650160184526,0.6440259862039525
2846,5820,99,99,True,0.7370967314881007,0.7467086170941915
2847,5823,99,99,True,0.9407970190912658,0.9268013426938583
2848,5829,99,99,True,0.8288067040770037,0.7839243230114705
2849,5837,99,99,True,0.6927521386180666,0.6165705223796607
2850,5838,99,99,True,0.9250913009074164,0.9229010265252984
2851,5843,99,99,True,0.6615325453682528,0.6676936354705321
2852,5846,99,99,True,0.5697617766945896,0.5211082007741333
2853,5847,99,99,True,0.6896583351192702,0.6465144412559409
2854,5848,99,99,True,0.7663118078400962,0.5099512256986825
2855,5853,99,99,True,0.8553045541126078,0.8942691086610303
2856,5854,99,99,True,0.972291890215108,0.9719725979294133
2857,5855,99,99,True,0.5422891325974869,0.6401073773653374
2858,5856,99,99,True,0.8837048402994736,0.847773765405335
2859,5858,99,99,True,0.8391181318659205,0.8674264799694122
2860,5859,99,99,True,0.8574900508414368,0.8662596278899225
2861,5861,99,99,True,0.8549295625961502,0.8503762191628785
2862,5862,99,99,True,0.5362784021665538,0.5649394305576496
2863,5863,99,99,True,0.7921712238595894,0.776505847171684
2864,5865,100,100,True,0.7841161388662907,0.7500466370191635
2865,5867,100,100,True,0.6854558704734326,0.3878656828348133
2866,5868,100,100,True,0.8642291917990461,0.7846356780815706
2867,5870,100,100,True,0.7576514729976764,0.545633683732675
2868,5871,100,100,True,0.6957851643030247,0.5553430113802372
2869,5873,100,100,True,0.8946667616670867,0.8063261590870453
2870,5877,100,100,True,0.856820103655713,0.6112061610890368
2871,5884,100,100,True,0.9442285556216858,0.8986449148014081
2872,5885,100,100,True,0.7286249289915147,0.5694153523065455
2873,5886,100,100,True,0.8752040379312626,0.8136886797892013
2874,5889,100,100,True,0.937726713010886,0.8797012675635123
2875,5893,100,100,True,0.9531088501682161,0.8878669156573927
2876,5897,100,100,True,0.8361564876099505,0.6593563950278795
2877,5898,100,100,True,0.8063326951990637,0.4036111815382105
2878,5901,100,100,True,0.7874573578347493,0.4754126889700854
2879,5903,100,100,True,0.8520810854555959,0.6055134525069837
2880,5905,100,100,True,0.7060493402756853,0.5158940977184839
2881,5907,100,100,True,0.9999999314340989,0.9999999999999998
2882,5909,100,100,True,0.8154056012150709,0.587746105546836
2883,5911,100,100,True,0.3797452346811708,0.22060021500954263
2884,5915,101,101,True,0.7967149119752248,0.9021229810182962
2885,5917,101,101,True,0.7540069586746952,0.8671486614663453
2886,5918,101,101,True,0.3178135047350124,0.43051907641294884
2887,5920,101,102,False,0.9188838818425321,0.9374986487477489
2888,5921,101,101,True,0.2860846027517176,0.5278973595368943
2889,5923,101,55,False,0.31427041538160316,0.5346047909913714
2890,5924,101,101,True,0.5605271568514882,0.7013546455803443
2891,5925,101,39,False,0.1101767379022881,0.20846409336736407
2892,5926,101,101,True,0.7846746238974612,0.8079723568454356
2893,5927,101,102,False,0.5719437703995396,0.4628769439810914
2894,5928,101,101,True,0.22779345029060233,0.47062245770267125
2895,5929,101,134,False,0.14040568336194997,0.3963824890963987
2896,5933,101,42,False,0.5359738364204609,0.6534356906993118
2897,5936,101,101,True,0.4084639050817263,0.42464742549610396
2898,5938,101,39,False,0.3630153455665317,0.5675214927234524
2899,5940,101,101,True,0.6192469637855055,0.7114778441380475
2900,5941,101,39,False,0.9458780698454011,0.9481575897346146
2901,5942,101,102,False,0.3216851582171656,0.463682397521425
2902,5944,101,101,True,0.8831844127380568,0.9340089493903575
2903,5949,101,102,False,0.33517308237861637,0.4918798498985474
2904,5952,101,101,True,0.5260022649416825,0.6658513737033458
2905,5954,101,39,False,0.6926681947955778,0.7562949157944239
2906,5955,101,102,False,0.2818938225926174,0.5184247034763801
2907,5959,101,101,True,0.5155678414905251,0.5555475450700632
2908,5965,101,101,True,0.7302542683274605,0.7474075284585964
2909,5969,101,101,True,0.5159007785215441,0.5186622231164653
2910,5971,101,36,False,0.37913501865108223,0.6170047337730251
2911,5972,101,39,False,0.35875469746713995,0.6091687990676801
2912,5973,101,102,False,0.16707741677257645,0.23369236484291883
2913,5974,101,101,True,0.19116433495976867,0.2620651139223594
2914,5975,102,102,True,0.8241732212922693,0.7304260949630412
2915,5976,102,20,False,0.2497048042932507,0.11821519466070207
2916,5978,102,77,False,0.15519292555771094,0.07011737562273834
2917,5983,102,102,True,0.735634245188401,0.7472386026676073
2918,5984,102,102,True,0.46873865833529976,0.44060078108072037
2919,5985,102,102,True,0.21841757881857327,0.22474718572240937
2920,5986,102,102,True,0.4079716748439526,0.39248722022418414
2921,5987,102,102,True,0.7339612596719113,0.6709063874963276
2922,5989,102,102,True,0.5595808769419387,0.4470502091405672
2923,5991,102,102,True,0.43211399276917306,0.2949285351105806
2924,5993,102,102,True,0.13610324191613424,0.09286187699837138
2925,5996,102,102,True,0.20676816846493126,0.1845238395285201
2926,5998,102,101,False,0.4075284649496544,0.3565794701241737
2927,5999,102,102,True,0.8889850869094583,0.8902656515366971
2928,6001,102,102,True,0.7909288668341368,0.7615524428230488
2929,6002,102,101,False,0.48260162052558536,0.43503482860173726
2930,6005,102,102,True,0.755679376642215,0.5495569679222241
2931,6009,102,195,False,0.8349780317859076,0.8369952772352384
2932,6010,102,102,True,0.7504749897375494,0.6466505303778476
2933,6011,102,102,True,0.6353364470991667,0.6698857295252038
2934,6012,102,102,True,0.5685171187706561,0.4154103753146019
2935,6013,102,102,True,0.6319394188514192,0.5901546045704686
2936,6014,102,102,True,0.5683156820580945,0.3894025428599072
2937,6015,102,102,True,0.9369451014102577,0.937773730986251
2938,6016,102,102,True,0.602521037274324,0.5729399355818783
2939,6019,102,101,False,0.3050093196788879,0.2875618807217016
2940,6029,102,26,False,0.41488361669817153,0.48033724358181584
2941,6030,102,102,True,0.8322382449655833,0.8123857542067575
2942,6032,102,102,True,0.6189533574084667,0.5517817978140117
2943,6033,102,102,True,0.695132891602144,0.6967913094050845
2944,6036,103,114,False,0.35353830231292155,0.5449728904549004
2945,6038,103,103,True,0.4230133453209408,0.5607659589095566
2946,6045,103,120,False,0.11199376286768543,0.13784716883102804
2947,6047,103,103,True,0.17800420891308494,0.3537708103489144
2948,6048,103,103,True,0.15366522811164882,0.22153512031620495
2949,6049,103,103,True,0.5600349444873494,0.5984347629609933
2950,6050,103,103,True,0.5117599981864819,0.5651530765404358
2951,6051,103,103,True,0.3804674088456096,0.37873821349894177
2952,6054,103,182,False,0.7175098586968515,0.7250490183042688
2953,6055,103,103,True,0.057203285516580604,0.06691434931676356
2954,6056,103,103,True,0.4106521193602812,0.5825112939265924
2955,6057,103,103,True,0.7616862788706946,0.7624966536802784
2956,6062,103,119,False,0.25977780866822636,0.41629565939291346
2957,6065,103,120,False,0.38296451224460565,0.5509307596874803
2958,6067,103,103,True,0.4778109773784949,0.6680451355224988
2959,6069,103,75,False,0.7583081741273808,0.6949156788025038
2960,6071,103,103,True,0.38260967018857334,0.42578068214802245
2961,6072,103,103,True,0.8079208725241921,0.8522738832391511
2962,6073,103,149,False,0.3370745535987661,0.5219714206090365
2963,6076,103,103,True,0.42306445205876253,0.5605557103319575
2964,6077,103,112,False,0.11100451638045812,0.10377524149976394
2965,6078,103,103,True,0.8191241804532869,0.8565819328079378
2966,6084,103,103,True,0.2630787634936729,0.36653381647059463
2967,6086,103,103,True,0.6182842623267544,0.6986982136084128
2968,6087,103,103,True,0.3340442552833154,0.3501240528789252
2969,6089,103,130,False,0.5727554327259521,0.6327171338236727
2970,6090,103,103,True,0.39125901432034715,0.46929971037729856
2971,6091,103,130,False,0.09058518905470504,0.10507438034190707
2972,6092,103,103,True,0.5556978263417892,0.5343163894451255
2973,6093,103,103,True,0.26333634832967234,0.32646220720686325
2974,6098,104,104,True,0.9235070487473862,0.928492350173227
2975,6100,104,104,True,0.6925585547114533,0.6389275607045671
2976,6101,104,104,True,0.8997825133667156,0.8956018100642953
2977,6104,104,91,False,0.58155582602735,0.7252289299605975
2978,6105,104,21,False,0.9764435042818351,0.9768520678651709
2979,6106,104,21,False,0.8521267012087335,0.7978276210174259
2980,6107,104,21,False,0.9072127311973824,0.8706729515652697
2981,6112,104,104,True,0.7645695114406288,0.7774948482281246
2982,6113,104,104,True,0.8690942241833437,0.69945150942082
2983,6114,104,104,True,0.8483128088265263,0.8100723798043701
2984,6115,104,21,False,0.8563027528085734,0.8415858093810478
2985,6116,104,104,True,0.9636493238477427,0.9495513563366206
2986,6119,104,104,True,0.8444211197203241,0.8398784693670274
2987,6123,104,104,True,0.8822184182766567,0.9040160137327439
2988,6125,104,104,True,0.9886608352678556,0.9842744624662579
2989,6129,104,104,True,0.8860994194335741,0.8772401400584027
2990,6136,104,104,True,0.8916395289997918,0.813224389957345
2991,6138,104,104,True,0.9446131883423514,0.9318203900007966
2992,6141,104,104,True,0.9326147774166585,0.9298672788199184
2993,6145,105,105,True,0.9356955773625145,0.9426567484659415
2994,6147,105,105,True,0.6471891646084296,0.7155746952722727
2995,6148,105,105,True,0.5553029178453935,0.6257364809171259
2996,6150,105,105,True,0.47347924993895146,0.4783129809615265
2997,6152,105,105,True,0.504048821306525,0.7482958472175057
2998,6153,105,105,True,0.7525200494620132,0.6210926067039317
2999,6155,105,105,True,0.9068571735640665,0.9201376195524651
3000,6157,105,105,True,0.8657153556769032,0.7935782480429276
3001,6158,105,105,True,0.49306390733312677,0.4597054483548761
3002,6159,105,105,True,0.8182597050788573,0.8518294504792971
3003,6160,105,105,True,0.6067978679183018,0.7142060593192419
3004,6161,105,105,True,0.8539708900316397,0.6331933519124068
3005,6162,105,105,True,0.8363147997499515,0.7111430398023946
3006,6163,105,105,True,0.44320350801095726,0.45606791726623824
3007,6164,105,105,True,0.8377476254065517,0.7610693784155619
3008,6165,105,105,True,0.5861199805210036,0.5648547430640846
3009,6170,105,105,True,0.9302898170037648,0.9028293413146722
3010,6173,105,105,True,0.8225098676403438,0.8245043014297277
3011,6174,105,105,True,0.7563512489081181,0.7945565592077953
3012,6176,105,105,True,0.5771224903146112,0.7556339392102125
3013,6187,105,105,True,0.6856481053613187,0.7043711341398624
3014,6192,105,105,True,0.4277765163523218,0.5954012613276006
3015,6193,105,105,True,0.4221755709128061,0.5499442206050369
3016,6195,105,105,True,0.9553400567953749,0.9774580996853185
3017,6197,105,105,True,0.6792304066435438,0.6480883888561951
3018,6198,105,105,True,0.7343189292634129,0.9167711502421164
3019,6199,105,105,True,0.4055714776769116,0.35371775069409217
3020,6200,105,105,True,0.16644501250438587,0.36372862425605346
3021,6201,105,105,True,0.2402404341544784,0.2389380911544698
3022,6202,105,105,True,0.21227072061732769,0.18535368643126335
3023,6204,106,28,False,0.875037446440612,0.8561755298761877
3024,6205,106,28,False,0.9700733300494101,0.9618201793614799
3025,6206,106,28,False,0.6766746664002599,0.6696025160946186
3026,6207,106,28,False,0.5197005155211832,0.47447106102977693
3027,6209,106,106,True,0.9403004252859016,0.9619888832246123
3028,6210,106,106,True,0.7847296204869186,0.7246624717865787
3029,6211,106,28,False,0.9342659301114008,0.9154712271760858
3030,6212,106,29,False,0.5370861812662826,0.4960773718717193
3031,6215,106,106,True,0.9764141188141229,0.9801925380995833
3032,6217,106,28,False,0.9446671034495491,0.9501969009700647
3033,6221,106,29,False,0.4174693562749687,0.47499779622230986
3034,6222,106,106,True,0.49909572177718214,0.48003264370465465
3035,6225,106,106,True,0.9848722963417185,0.9738417395969311
3036,6226,106,28,False,0.9200137425698294,0.9066083237566421
3037,6227,106,106,True,0.9695149735601849,0.9636612597598739
3038,6229,106,106,True,0.8345594731582892,0.8139834533790349
3039,6231,106,106,True,0.8297366607119294,0.7913722365421529
3040,6232,106,106,True,0.6307423788686031,0.5799523125622162
3041,6234,106,106,True,0.8944213472342909,0.8432587588733251
3042,6236,106,28,False,0.7911631166214772,0.8154873139873194
3043,6241,106,106,True,0.9509771685561209,0.9592414562549019
3044,6244,106,106,True,0.866140275852865,0.8691803640384048
3045,6245,106,107,False,0.9097678171561917,0.9011520830378851
3046,6252,106,106,True,0.6815317990641776,0.7521276699681819
3047,6253,106,107,False,0.9133673549049819,0.8958018644349647
3048,6254,106,28,False,0.7231840195242971,0.7367097307928022
3049,6255,106,106,True,0.7561734746568702,0.6192608417959246
3050,6259,106,106,True,0.6204193823453081,0.6103443540757776
3051,6260,106,28,False,0.8682845048472762,0.8856210408291615
3052,6262,106,29,False,0.9618449237969365,0.9618408250198781
3053,6263,107,107,True,0.23805235238584835,0.20235074900308161
3054,6266,107,106,False,0.5083908984672859,0.49591654671715935
3055,6268,107,107,True,0.8329245024963009,0.8341460293325996
3056,6269,107,107,True,0.9030849008007633,0.9405187748389172
3057,6270,107,107,True,0.231065846972625,0.24455822605553493
3058,6272,107,107,True,0.24055675121497186,0.28541553842100037
3059,6274,107,107,True,0.861719226047312,0.853743266728252
3060,6276,107,107,True,0.29773259611185393,0.24736414725878922
3061,6278,107,107,True,0.3462515407381127,0.25072588936709206
3062,6279,107,107,True,0.49985709048379023,0.4144592688070186
3063,6281,107,107,True,0.9525268959964965,0.9254701474174997
3064,6282,107,107,True,0.8177852465765467,0.8073266739464159
3065,6284,107,107,True,0.6960248166090428,0.7313753450755967
3066,6286,107,107,True,0.23042351629892116,0.18430940479961533
3067,6289,107,107,True,0.9398722626184587,0.9035330401154991
3068,6293,107,107,True,0.5225788532136483,0.5276127447399366
3069,6297,107,107,True,0.6962908620656721,0.7398309326957194
3070,6298,107,107,True,0.9682839526849386,0.9620243030649643
3071,6299,107,107,True,0.761031296525889,0.6847206642703494
3072,6300,107,107,True,0.7076022960130232,0.7542246625505059
3073,6304,107,106,False,0.57544030955214,0.6891364753238481
3074,6307,107,107,True,0.7233013488738596,0.7432529814829095
3075,6308,107,107,True,0.3073355124131668,0.34919745557109444
3076,6310,107,106,False,0.28786123060503976,0.35375459133133264
3077,6313,107,107,True,0.7930914689725274,0.7539760203700897
3078,6314,107,107,True,0.5354463601576702,0.559654319509545
3079,6315,107,107,True,0.44851780753285875,0.5715886541103918
3080,6317,107,107,True,0.5432073454695666,0.6545165480136483
3081,6321,107,107,True,0.5570522337779691,0.6054027306218823
3082,6322,107,107,True,0.39684387736191373,0.4249817181498719
3083,6323,108,108,True,0.7737706928974941,0.650396775626617
3084,6324,108,151,False,0.6357994844686482,0.6566296099308484
3085,6327,108,108,True,0.8062902741361507,0.7121641578665737
3086,6329,108,108,True,0.7084216190705468,0.5640176325361314
3087,6331,108,108,True,0.6596660879700947,0.708787951782194
3088,6332,108,108,True,0.7373752077431469,0.3977285312261818
3089,6333,108,108,True,0.4231104832439363,0.40076151330787635
3090,6334,108,108,True,0.8602755914762829,0.8120242503973292
3091,6340,108,108,True,0.919320191108101,0.8255075675021569
3092,6341,108,108,True,0.6702578352783543,0.6614205350977801
3093,6342,108,173,False,0.7175458472896772,0.6558009694280122
3094,6343,108,169,False,0.4899370828529972,0.488241314578485
3095,6344,108,108,True,0.6010260263704362,0.606943498699938
3096,6346,108,108,True,0.3525188354667954,0.3997338300319631
3097,6354,108,108,True,0.7123086021835652,0.7208903458173859
3098,6355,108,108,True,0.5518732944500265,0.486935635390458
3099,6356,108,108,True,0.5529442036662131,0.5788583553705631
3100,6359,108,108,True,0.5511440636956056,0.6753082339899791
3101,6364,108,108,True,0.5690555020192058,0.3132830558378169
3102,6367,108,108,True,0.5937456700804733,0.4950263566427237
3103,6368,108,108,True,0.604063423057274,0.38387675370420055
3104,6369,108,108,True,0.5055771304932486,0.21568028000591905
3105,6371,108,108,True,0.6514479633444875,0.5510910163139593
3106,6374,108,108,True,0.793522692396927,0.784812013485623
3107,6375,108,108,True,0.8320322156277429,0.7381347769730889
3108,6376,108,108,True,0.5951255384817546,0.6222668533169403
3109,6378,108,108,True,0.6406110810374894,0.44410286686228784
3110,6379,108,108,True,0.5408355959137732,0.6563254475290027
3111,6380,108,108,True,0.6007921337607484,0.5052586426372774
3112,6382,108,108,True,0.7255987425381372,0.6648287110308099
3113,6384,109,109,True,0.88912634248855,0.8504876383351085
3114,6385,109,109,True,0.9467689913110967,0.9425059203700665
3115,6389,109,109,True,0.96878899568365,0.9604079233451461
3116,6396,109,109,True,0.8683930263089618,0.8577352176019547
3117,6397,109,109,True,0.6933344122877901,0.7189306810029901
3118,6398,109,109,True,0.7509716140214756,0.8030676024719856
3119,6400,109,109,True,0.8586391764515039,0.8937518871911
3120,6401,109,109,True,0.8052361552881537,0.8398803108986559
3121,6405,109,109,True,0.8196666267286575,0.7904612244293038
3122,6406,109,109,True,0.5224344847688814,0.6147877893220282
3123,6408,109,109,True,0.8902339547783094,0.9095134438242422
3124,6409,109,109,True,0.9070859146530277,0.9075562491760982
3125,6410,109,109,True,0.8192498955669045,0.8415998775664791
3126,6412,109,109,True,0.845246146612632,0.8662937370738948
3127,6413,109,109,True,0.9648556822150952,0.9603591262985917
3128,6415,109,109,True,0.771273365613014,0.7860758169415281
3129,6419,109,109,True,0.9031790396573858,0.9475978292754997
3130,6420,109,109,True,0.7944095954976218,0.8024486648038943
3131,6422,109,109,True,0.5723461868248627,0.7440921277105329
3132,6424,109,109,True,0.9475770691649167,0.9519785260790341
3133,6425,109,109,True,0.36136690205520744,0.42444096542948523
3134,6426,109,109,True,0.4140288870954275,0.508623366815359
3135,6428,109,109,True,0.610344717658397,0.7352236754489921
3136,6430,109,109,True,0.25842600841528374,0.4265962694480799
3137,6431,109,109,True,0.9109480447614775,0.9058004900337542
3138,6432,109,109,True,0.7831290084099164,0.7784989252728886
3139,6434,109,109,True,0.7407781343748466,0.7416588078750415
3140,6437,109,109,True,0.8670818876808705,0.8709470979986043
3141,6438,109,109,True,0.9217480092329756,0.9174094056897687
3142,6442,109,109,True,0.7909468139940531,0.8103492534734839
3143,6445,110,110,True,0.7040108866823488,0.6468716297436908
3144,6449,110,110,True,0.13119300444800042,0.12046243521564105
3145,6450,110,110,True,0.46360647283992473,0.5753633759464225
3146,6451,110,110,True,0.1589679675237328,0.2624390803678935
3147,6453,110,110,True,0.3533049796199964,0.4696918425270998
3148,6454,110,110,True,0.7835259235600044,0.8322463182248891
3149,6456,110,110,True,0.35271327348147963,0.3777936722945238
3150,6459,110,110,True,0.8292852351464267,0.7616395928160391
3151,6463,110,110,True,0.39071441235940907,0.43680516104769224
3152,6466,110,84,False,0.17232999797976126,0.1976326279390004
3153,6467,110,110,True,0.2086856135272375,0.2137375803440542
3154,6468,110,110,True,0.9516993701455547,0.9017378528116354
3155,6469,110,110,True,0.786284886154384,0.5418454654600162
3156,6472,110,110,True,0.5115731223552785,0.4234791359843821
3157,6473,110,165,False,0.241802905144201,0.23998868084978905
3158,6474,110,111,False,0.7576279755029274,0.7990862382214955
3159,6476,110,110,True,0.8360996999029418,0.8426191895807867
3160,6482,110,110,True,0.5172450396798219,0.7189923824553106
3161,6484,110,110,True,0.8483084873945559,0.783256022504936
3162,6485,110,111,False,0.7868864852523461,0.7578673496461465
3163,6486,110,110,True,0.8350574913765639,0.8374496457918478
3164,6487,110,111,False,0.650281062728152,0.696510613212764
3165,6492,110,110,True,0.3029787708080749,0.3530039698144285
3166,6493,110,110,True,0.657384400471124,0.661927106741632
3167,6494,110,110,True,0.5023442036032901,0.565258997774198
3168,6495,110,111,False,0.7034227801654276,0.6352726559553369
3169,6497,110,110,True,0.5455238588159862,0.6196164081472112
3170,6498,110,110,True,0.6687624117982209,0.6265762652413803
3171,6499,110,111,False,0.5797507040064709,0.7205736171755229
3172,6501,110,110,True,0.33150376085147004,0.45354225513550145
3173,6504,111,111,True,0.12628321974674736,0.0709200787713373
3174,6505,111,111,True,0.7003622802188081,0.636582122334658
3175,6509,111,111,True,0.36602891214462346,0.31005047725404167
3176,6511,111,111,True,0.4264909436248817,0.28032784642865355
3177,6512,111,111,True,0.2641172123267517,0.201648623927164
3178,6516,111,111,True,0.1594129733416826,0.12147408239706761
3179,6517,111,111,True,0.3069800313673704,0.1878877156486386
3180,6519,111,111,True,0.4087861523976122,0.45532165690472354
3181,6521,111,111,True,0.530890107291585,0.4822350049042102
3182,6522,111,111,True,0.36729268452996183,0.32852414296980886
3183,6524,111,111,True,0.748602623978033,0.7598310319933884
3184,6525,111,111,True,0.21944218955800804,0.12533857862311185
3185,6526,111,110,False,0.6117168700736989,0.46555750040861105
3186,6527,111,110,False,0.40551671085312274,0.40629211993296344
3187,6528,111,110,False,0.37955164873260155,0.26428215866839616
3188,6530,111,111,True,0.3656637620392499,0.2267844683947002
3189,6537,111,111,True,0.39490895624142947,0.3270765202953103
3190,6541,111,111,True,0.3125314288628555,0.26283440119444984
3191,6542,111,110,False,0.6323495625208778,0.6485217146844308
3192,6545,111,111,True,0.49783417215873155,0.4143904366919495
3193,6548,111,111,True,0.2282730585490777,0.19274626995692906
3194,6549,111,111,True,0.5316993638744854,0.5221201308678819
3195,6550,111,134,False,0.20996115154002865,0.15178603251090364
3196,6551,111,111,True,0.8097370348113985,0.7419774817321056
3197,6553,111,111,True,0.713284972090707,0.6260441676303631
3198,6554,111,111,True,0.3404095785093721,0.30891617411559175
3199,6556,111,110,False,0.2331151191154462,0.17531799953257862
3200,6557,111,111,True,0.4277749872001317,0.41786063638855814
3201,6559,111,78,False,0.4094944625320071,0.3967806547326038
3202,6561,111,111,True,0.24028525995543595,0.21195023864573137
3203,6569,112,112,True,0.35656467132015,0.32193819239232396
3204,6571,112,112,True,0.30178968787062355,0.26610156736312296
3205,6575,112,114,False,0.794288574410615,0.874517626786717
3206,6576,112,112,True,0.512209934983584,0.5085114549167337
3207,6577,112,112,True,0.37687232943042925,0.25861697087018026
3208,6578,112,112,True,0.49106574345729453,0.5799306940266199
3209,6579,112,112,True,0.18773548276756902,0.20356043927754255
3210,6581,112,112,True,0.47667473548178063,0.4909864043853478
3211,6582,112,112,True,0.25488769690149304,0.29771175933544475
3212,6583,112,112,True,0.35899300614494506,0.3314056540538071
3213,6584,112,112,True,0.2237145705033447,0.2360550700069702
3214,6589,112,112,True,0.789475186477425,0.8132606522892182
3215,6593,112,123,False,0.5596408482979195,0.6460497696686603
3216,6594,112,120,False,0.07450690576560891,0.11507028896340002
3217,6595,112,112,True,0.3292466409742729,0.4132978733476359
3218,6596,112,112,True,0.22319403177656022,0.2477159447461725
3219,6601,112,112,True,0.29053356337993297,0.40554730459139154
3220,6602,112,112,True,0.3926200702104415,0.3528390185679328
3221,6608,112,130,False,0.713697367315537,0.8226975090655572
3222,6609,112,130,False,0.4100461133722234,0.4294085232624449
3223,6613,113,113,True,0.45352848895999875,0.504241831295154
3224,6615,113,113,True,0.28063548308420927,0.3000225224575327
3225,6616,113,113,True,0.5487240973920486,0.6673643112283965
3226,6618,113,113,True,0.26770408693861497,0.22592411456809205
3227,6619,113,113,True,0.2980986332506426,0.2955080954517743
3228,6620,113,113,True,0.5442767764530556,0.5370005162867464
3229,6621,113,113,True,0.2607214423448576,0.33954111113709134
3230,6624,113,113,True,0.25194634864298515,0.24980235072990936
3231,6625,113,113,True,0.33387680565624267,0.3492756401146332
3232,6626,113,113,True,0.3387534662410277,0.38497049448903203
3233,6628,113,113,True,0.416684637487387,0.42169834415091656
3234,6630,113,113,True,0.3162626202801228,0.3280802566935785
3235,6637,113,113,True,0.7843568497085905,0.8226504073773659
3236,6640,113,113,True,0.09758839633291273,0.13180616172568976
3237,6642,113,113,True,0.6061119319285205,0.5443090013657108
3238,6643,113,113,True,0.46427769721069645,0.5053025283137965
3239,6645,113,113,True,0.5113384535109505,0.5039007633003391
3240,6646,113,113,True,0.2593051062834118,0.29572143976621684
3241,6648,113,113,True,0.47349171056296524,0.42525507741026264
3242,6650,113,113,True,0.2917082232445361,0.24146244101663797
3243,6652,113,113,True,0.5206486047641278,0.4529768041529752
3244,6653,113,131,False,0.2676735787674942,0.39916948091733345
3245,6656,113,113,True,0.8101904774537461,0.8522771532148997
3246,6657,113,113,True,0.19168602553441694,0.24055112288813876
3247,6658,113,113,True,0.16034081854923013,0.16786004483620096
3248,6660,113,113,True,0.42636384808353256,0.46513348276441663
3249,6665,113,113,True,0.7501113381068372,0.7408111870376646
3250,6670,113,113,True,0.7992145388583609,0.8223359196657809
3251,6671,113,113,True,0.6580009543861708,0.6535435247103227
3252,6672,113,113,True,0.5346652228284665,0.5827987195378787
3253,6673,114,116,False,0.3230582741570545,0.3377466857888643
3254,6677,114,114,True,0.09081059190292552,0.0710442425246248
3255,6679,114,114,True,0.3093512679584386,0.30783390290664103
3256,6684,114,114,True,0.4368565488506571,0.4912484524312293
3257,6688,114,114,True,0.502007952625561,0.5037504082918435
3258,6689,114,114,True,0.7867357601432154,0.8133095373557545
3259,6691,114,114,True,0.5369306813721192,0.6049419857883608
3260,6692,114,114,True,0.8612948186579974,0.8364894431158392
3261,6693,114,114,True,0.23679688877301258,0.24983511744079093
3262,6695,114,114,True,0.5899471848054423,0.6515736121844115
3263,6696,114,114,True,0.17190571589747047,0.11353492114220458
3264,6701,114,114,True,0.5131065036784278,0.5066674152746036
3265,6703,114,114,True,0.27228416607835526,0.29021302391460774
3266,6704,114,130,False,0.7398198450096228,0.7635872268072772
3267,6707,114,114,True,0.18419269175424058,0.21496406506079893
3268,6708,114,130,False,0.054244387354971044,0.15322400808958736
3269,6709,114,114,True,0.8087127960466056,0.8007854327355864
3270,6711,114,114,True,0.48513828769264955,0.4719789820959396
3271,6712,114,101,False,0.11664235077905512,0.0671901708191127
3272,6713,114,114,True,0.04292741177070046,0.030925656774949174
3273,6716,114,114,True,0.2908340112332987,0.30993814351301724
3274,6717,114,114,True,0.7295961533384735,0.7844983341428408
3275,6718,114,114,True,0.17911245852959953,0.2400496868394314
3276,6719,114,114,True,0.5928208294906496,0.5592595659986499
3277,6720,114,114,True,0.10780659996644328,0.13773367498992797
3278,6722,114,116,False,0.2325705876039417,0.2339825340981513
3279,6723,114,118,False,0.29156882395987105,0.31088356508346726
3280,6724,114,114,True,0.21136246044465465,0.19593528011799335
3281,6731,114,124,False,0.34685523588937456,0.36166110637167204
3282,6733,115,115,True,0.6114845380105094,0.36526762197616447
3283,6735,115,118,False,0.618938188654524,0.6430578903738925
3284,6737,115,115,True,0.6314228887302549,0.6646743113402311
3285,6738,115,112,False,0.7276021772994664,0.6945249331570889
3286,6740,115,130,False,0.3029578648115636,0.2971942108406284
3287,6742,115,129,False,0.4596739605831793,0.3419499827543649
3288,6744,115,129,False,0.926846440447159,0.9173736722508274
3289,6745,115,116,False,0.5719187477838001,0.6130898540327913
3290,6746,115,115,True,0.7900219772048049,0.720497379735648
3291,6747,115,129,False,0.9578056028868597,0.9613718488998978
3292,6748,115,115,True,0.23406190393075846,0.3112712305301589
3293,6750,115,115,True,0.5910939098437394,0.6302425643990618
3294,6755,115,115,True,0.5625446234751844,0.4117717206893589
3295,6759,115,129,False,0.4716058593150586,0.5569609247416816
3296,6760,115,14,False,0.3370130586359071,0.36778567571101545
3297,6761,115,115,True,0.8409635679014433,0.7630464512723494
3298,6762,115,129,False,0.5293956897605189,0.5361947907129259
3299,6765,115,129,False,0.8569106109105449,0.8685805764806078
3300,6766,115,129,False,0.82765659706132,0.8112526396920728
3301,6767,115,129,False,0.6080344720853902,0.6270355225686236
3302,6769,115,115,True,0.80737002299824,0.6735083936083764
3303,6778,115,129,False,0.6174865041999961,0.4232258788549027
3304,6780,115,115,True,0.2245162604618029,0.2347632065334586
3305,6783,115,129,False,0.4885386235985424,0.5107973183911304
3306,6784,115,129,False,0.3908713920557102,0.44611021222602937
3307,6785,115,115,True,0.5262283949561689,0.4818682000938843
3308,6788,115,115,True,0.5147790583059904,0.5393423845385836
3309,6789,115,114,False,0.6467743463032023,0.5808681171965171
3310,6790,115,132,False,0.3661826075328468,0.41027814151178627
3311,6791,115,115,True,0.7015745412313874,0.3308349211431771
3312,6793,116,116,True,0.47496591332651494,0.42471012849732015
3313,6796,116,125,False,0.6629704463395283,0.6849666579044676
3314,6797,116,116,True,0.5045825027222098,0.4329133193240018
3315,6799,116,115,False,0.5041780622923199,0.5139961491555999
3316,6800,116,116,True,0.542356289440339,0.5714774817419753
3317,6801,116,118,False,0.41250903926723365,0.4116355192625655
3318,6802,116,116,True,0.2841650527939299,0.2938726353751893
3319,6806,116,116,True,0.7881618882021253,0.7512491265199287
3320,6807,116,116,True,0.690880220375333,0.6831046337785963
3321,6808,116,116,True,0.7101296065628188,0.6507282356329354
3322,6812,116,115,False,0.8857782768540821,0.8877757261486625
3323,6813,116,118,False,0.7054391063030219,0.720253785129648
3324,6814,116,116,True,0.45606764205538847,0.5077663826089779
3325,6816,116,116,True,0.8499217997066713,0.7770998759850408
3326,6824,116,116,True,0.29792236933169014,0.35536963042033504
3327,6826,116,124,False,0.3633995805196721,0.41051873787446025
3328,6827,116,183,False,0.9170183815517082,0.9290899861251803
3329,6830,116,116,True,0.6197259118111653,0.6509446862468523
3330,6831,116,130,False,0.30583775876328406,0.3549027990657742
3331,6833,116,116,True,0.41135654984380426,0.403783098235348
3332,6836,116,126,False,0.11976192043878772,0.1701322678039185
3333,6837,116,116,True,0.7367074743465838,0.7564857459530369
3334,6839,116,116,True,0.452492152790678,0.48775378373882167
3335,6841,116,112,False,0.55724075999477,0.63609280822044
3336,6842,116,183,False,0.8811617285913916,0.8742586549701074
3337,6843,116,116,True,0.643893352601156,0.6725752162288299
3338,6844,116,118,False,0.47747270366298167,0.49347001443789656
3339,6846,116,120,False,0.13967290524122122,0.18058364402462415
3340,6850,116,116,True,0.528478606319572,0.537694029300043
3341,6851,117,130,False,0.5809283842226779,0.5674392076609726
3342,6852,117,115,False,0.38278450675377385,0.46422193649773197
3343,6853,117,118,False,0.37972799854859457,0.33264893530627043
3344,6855,117,117,True,0.49216763619645937,0.39543418378316564
3345,6856,117,129,False,0.6122613660015408,0.6457756122492398
3346,6859,117,195,False,0.29373412367101537,0.3101982466051475
3347,6860,117,117,True,0.5521904994339094,0.5388625767472842
3348,6862,117,117,True,0.3541494855711249,0.39566182036405173
3349,6866,117,115,False,0.15486316994123187,0.18781974605211024
3350,6867,117,118,False,0.2603488062107284,0.2589887719050167
3351,6868,117,117,True,0.7301465544050569,0.7880294309081571
3352,6870,117,117,True,0.4918175233458505,0.4758532671542297
3353,6872,117,136,False,0.15212050438644872,0.19064602605747236
3354,6875,117,129,False,0.6020185786272658,0.6456494103527458
3355,6881,117,117,True,0.34263609325009897,0.31372499317552544
3356,6883,117,118,False,0.6655298438064357,0.5735229294344035
3357,6884,117,114,False,0.29422906454294906,0.24282536554402714
3358,6888,117,118,False,0.13628135846817288,0.13158331722810468
3359,6893,117,117,True,0.9156090811659299,0.8893703432426734
3360,6894,117,114,False,0.032510624347869374,0.041353556758090555
3361,6895,117,118,False,0.7044739465388428,0.5968470749786349
3362,6897,117,117,True,0.4195794675309504,0.405630864411108
3363,6898,117,129,False,0.5685161469790481,0.5635062825586125
3364,6901,117,117,True,0.3298193307117085,0.3284772107720006
3365,6902,117,117,True,0.5703900375173487,0.48524497838490865
3366,6903,117,117,True,0.5673018153967285,0.3747468621334956
3367,6904,117,117,True,0.9107839951044138,0.8920432655921313
3368,6906,117,117,True,0.16984419093262634,0.12023800083161511
3369,6908,117,118,False,0.441373370030492,0.419107555044064
3370,6910,117,129,False,0.6134104745424426,0.67886089427631
3371,6911,118,128,False,0.7632301312264254,0.6118065082141696
3372,6912,118,128,False,0.9145481764611171,0.6424597870501133
3373,6913,118,118,True,0.6482293809106743,0.6604937277721917
3374,6917,118,129,False,0.9192933407721143,0.9172944236712369
3375,6920,118,118,True,0.4826119887908502,0.28509641809281955
3376,6921,118,118,True,0.6498698640083752,0.664831584891973
3377,6923,118,118,True,0.5651113777886374,0.6297887081200186
3378,6924,118,114,False,0.7576178508007011,0.6619543362749132
3379,6928,118,129,False,0.5428668734249269,0.5118470905322083
3380,6931,118,118,True,0.6273443970839468,0.6026019315641556
3381,6932,118,116,False,0.8045692210551768,0.8499823690980234
3382,6936,118,118,True,0.5004961784855092,0.5006534878510916
3383,6939,118,118,True,0.6401829457795937,0.6027087585491145
3384,6940,118,118,True,0.9381281244348179,0.915271151009576
3385,6941,118,118,True,0.5185511593967893,0.5394320259273779
3386,6942,118,129,False,0.4217989821199,0.3785196536261854
3387,6947,118,118,True,0.7616592254150013,0.7729186338189264
3388,6948,118,118,True,0.7257067005742902,0.7651002002327179
3389,6949,118,118,True,0.6571280211236461,0.7222636402657935
3390,6951,118,118,True,0.659099130233548,0.811718586910867
3391,6953,118,118,True,0.5777160563336384,0.6145343310206531
3392,6954,118,118,True,0.6452967119184041,0.6991416840573607
3393,6957,118,118,True,0.6699440877940964,0.710455683574993
3394,6960,118,121,False,0.5077208317386475,0.4116087751371114
3395,6963,118,116,False,0.719795080731505,0.851008385995854
3396,6964,118,118,True,0.5258249070331064,0.2617711706518164
3397,6965,118,118,True,0.8263366881258903,0.8876682719844923
3398,6966,118,118,True,0.9161963884846526,0.9018356700295684
3399,6967,118,120,False,0.22830203390831,0.33379984696661763
3400,6970,119,119,True,0.937814174846765,0.9276299165334735
3401,6972,119,119,True,0.3948029895849474,0.5237078482465836
3402,6973,119,119,True,0.8780955678028749,0.828266503817022
3403,6975,119,119,True,0.8592822654136275,0.869165561059827
3404,6976,119,119,True,0.868985336823617,0.7677660038822302
3405,6977,119,119,True,0.5040308952831818,0.3930465394311024
3406,6978,119,119,True,0.6275200946425007,0.6436771283876608
3407,6981,119,119,True,0.3742883415019738,0.3565871845156858
3408,6982,119,119,True,0.6981893616557735,0.671956531638126
3409,6991,119,119,True,0.6647919674766453,0.6370763628138139
3410,6992,119,119,True,0.8862474112412857,0.8234322703772804
3411,6996,119,119,True,0.9171879194384075,0.8931103054060978
3412,6997,119,128,False,0.5298072142785306,0.4037183520514506
3413,6999,119,119,True,0.46703873925237355,0.40857107441303814
3414,7000,119,119,True,0.7361208522529276,0.7236482376354029
3415,7005,119,10,False,0.12349842111961208,0.142617158412858
3416,7007,119,119,True,0.5705854515059103,0.5376623534558473
3417,7009,119,119,True,0.5348563477962313,0.49027334914604953
3418,7010,119,114,False,0.47531725837306843,0.4551299953076665
3419,7011,119,119,True,0.5799739853136465,0.6143738570006283
3420,7012,119,119,True,0.7639448146236155,0.6823351889171747
3421,7013,119,119,True,0.5333157148651361,0.5097631944510815
3422,7015,119,119,True,0.6492995334845061,0.5487494527187813
3423,7017,119,197,False,0.3783736940079952,0.35764564447040015
3424,7018,119,119,True,0.782377853558895,0.8323450929878862
3425,7019,119,119,True,0.9217955076235574,0.9210762245851921
3426,7020,119,119,True,0.7766739800763678,0.7171772670526215
3427,7025,119,119,True,0.41308589872718465,0.46663811706663894
3428,7026,119,119,True,0.9602116332026683,0.9577962796051599
3429,7027,119,112,False,0.9635133159980563,0.8818574614206192
3430,7030,120,120,True,0.34486082936321866,0.500592724177831
3431,7032,120,120,True,0.821606531342631,0.8432274530087276
3432,7033,120,120,True,0.49027448423123654,0.4877436081647379
3433,7034,120,112,False,0.17623454869769492,0.15571454689240552
3434,7036,120,120,True,0.22583915378405983,0.16384147785453546
3435,7037,120,120,True,0.47412990428853174,0.3707079342627647
3436,7040,120,170,False,0.25346524802589404,0.2131282140611088
3437,7041,120,114,False,0.4739801256598186,0.45559487577356755
3438,7043,120,130,False,0.7596043002948234,0.8196906990990798
3439,7047,120,118,False,0.36031108806531753,0.31234516584577676
3440,7048,120,120,True,0.5562469482525715,0.5064333349345754
3441,7051,120,127,False,0.35715542387609844,0.29344611008219373
3442,7054,120,120,True,0.80320064875031,0.5784985582135371
3443,7056,120,120,True,0.8791182706492696,0.8271744910609888
3444,7058,120,120,True,0.08894894775486505,0.0899875151034054
3445,7060,120,103,False,0.1325946498729329,0.31804842770521796
3446,7061,120,130,False,0.5869232546512734,0.5492538536434884
3447,7062,120,130,False,0.6833032536117888,0.5851453869067821
3448,7064,120,120,True,0.3019725407664922,0.5154860688269558
3449,7065,120,120,True,0.7530428495600623,0.7770400741233514
3450,7067,120,120,True,0.35691428628886174,0.3583092229887818
3451,7068,120,120,True,0.8490820865151748,0.8238783035522895
3452,7069,120,112,False,0.27677240041817014,0.1958418251514475
3453,7072,120,118,False,0.2488354360472015,0.4149655006403767
3454,7073,120,120,True,0.31955535567325966,0.2969630313329365
3455,7078,120,130,False,0.7177438533740981,0.6366831781469992
3456,7081,120,120,True,0.7240427710221795,0.720640592177732
3457,7083,120,120,True,0.31468057777780417,0.39274089424247965
3458,7085,120,120,True,0.8390594651918223,0.8595233243794698
3459,7087,120,120,True,0.2241392662465003,0.19193034737452733
3460,7091,121,121,True,0.3338237669848924,0.19482895046655233
3461,7092,121,121,True,0.5599031302867064,0.31428335717816197
3462,7094,121,121,True,0.5552502411382918,0.4871537488391612
3463,7095,121,121,True,0.581833742628393,0.2994615836186254
3464,7096,121,121,True,0.4973729853771671,0.3646560348422785
3465,7100,121,121,True,0.7007209336154782,0.6056547418701805
3466,7102,121,121,True,0.4999846200256095,0.4407948233110997
3467,7104,121,121,True,0.5257959195503317,0.4921731123995646
3468,7105,121,121,True,0.18018675663547923,0.0613706788485918
3469,7110,121,121,True,0.46552914723914524,0.3539583102186594
3470,7112,121,121,True,0.3738973308282379,0.4186861370602662
3471,7114,121,121,True,0.3606872382004055,0.14372850154201167
3472,7115,121,121,True,0.1952611939922154,0.22187311862205586
3473,7118,121,121,True,0.8371567691920759,0.8793598630760324
3474,7119,121,121,True,0.8145411853400649,0.6065039916014201
3475,7121,121,121,True,0.47204960928697076,0.41367707161883527
3476,7122,121,118,False,0.4338122444226949,0.19573011948602445
3477,7125,121,121,True,0.6417735071720941,0.3114541108857933
3478,7126,121,121,True,0.6220010839396599,0.6639316421342413
3479,7128,121,121,True,0.3322234325638864,0.21843987046342433
3480,7130,121,121,True,0.23855566262246142,0.3367605611928813
3481,7131,121,121,True,0.12848821273627722,0.11805132232147207
3482,7133,121,121,True,0.2018458492389083,0.15301280489496497
3483,7134,121,121,True,0.6544945134431429,0.3741419245605385
3484,7135,121,128,False,0.8550879532348776,0.7960339415171185
3485,7137,121,121,True,0.4326624886314572,0.26392987231304094
3486,7138,121,121,True,0.44481088077719527,0.2307818544490169
3487,7140,121,121,True,0.3657791944853,0.3139553624832085
3488,7148,121,121,True,0.48219541069506217,0.39602196352461944
3489,7149,121,130,False,0.2785011237646598,0.2915569453587886
3490,7150,122,122,True,0.2741535906619547,0.40351458336677937
3491,7153,122,122,True,0.5004323065083824,0.5858195348536523
3492,7155,122,122,True,0.4150930187163405,0.5646566028370547
3493,7159,122,122,True,0.5072344250426571,0.5852402799631347
3494,7160,122,122,True,0.7972828776346327,0.8160555679610974
3495,7162,122,122,True,0.23968633642684944,0.4155865406859899
3496,7165,122,112,False,0.3137981085598297,0.47945200188895604
3497,7167,122,122,True,0.3190220095869791,0.4328918808112469
3498,7169,122,112,False,0.3361321630388594,0.4966859761821752
3499,7170,122,122,True,0.8846698477160954,0.9071861028149344
3500,7172,122,122,True,0.8571021558423543,0.8476877927076085
3501,7173,122,122,True,0.4060163961804587,0.6219551736788533
3502,7174,122,112,False,0.5351537672318631,0.4834351813311047
3503,7175,122,112,False,0.5972712005497096,0.5968737095604613
3504,7176,122,122,True,0.3124441544910247,0.37949826055359415
3505,7177,122,122,True,0.30574754127788556,0.5600165166072714
3506,7181,122,122,True,0.12762409869048216,0.28277319140342194
3507,7182,122,122,True,0.6431420949027478,0.7820800483701403
3508,7183,122,122,True,0.669476235720739,0.6455285248113048
3509,7184,122,124,False,0.720686923432751,0.7791409761956112
3510,7189,122,122,True,0.7654328870955939,0.8398465492390496
3511,7190,122,122,True,0.5247039395197809,0.6058050652545635
3512,7192,122,122,True,0.37601628910838825,0.48103834444473687
3513,7193,122,112,False,0.2708872714722839,0.470247523783989
3514,7196,122,122,True,0.550356008452892,0.6278247611820691
3515,7198,122,122,True,0.4550038272253539,0.5058288990719346
3516,7199,122,122,True,0.620236342953597,0.7550147407478872
3517,7204,122,122,True,0.846593984217091,0.8420574019530972
3518,7206,122,122,True,0.2370888960778974,0.4357883532072211
3519,7209,122,122,True,0.3225183543806594,0.5834592159828598
3520,7210,123,123,True,0.7485471754976432,0.8483619245077879
3521,7212,123,123,True,0.8249228372493174,0.8139120261546469
3522,7213,123,123,True,0.4569724434937325,0.5271385133446156
3523,7219,123,123,True,0.36137473258725006,0.4268899394893215
3524,7222,123,123,True,0.469428739031044,0.5099308075684412
3525,7223,123,123,True,0.9186620300807355,0.83051659542895
3526,7224,123,123,True,0.7822591711943265,0.7759417698944341
3527,7225,123,125,False,0.7181731203360895,0.6956660253632986
3528,7226,123,123,True,0.812200156534912,0.8287458258104088
3529,7228,123,123,True,0.656108581631208,0.6767420167598159
3530,7233,123,123,True,0.3948247681657882,0.46583231989534296
3531,7236,123,123,True,0.8052616930826675,0.7636800301073563
3532,7237,123,120,False,0.7040076975791506,0.7713208072392881
3533,7239,123,123,True,0.500954425382359,0.533868508683914
3534,7240,123,123,True,0.8911482254737592,0.9076814187136916
3535,7241,123,123,True,0.7278967250274412,0.6576788838507098
3536,7242,123,125,False,0.516966395409619,0.5321006242203152
3537,7244,123,123,True,0.7416819099369135,0.7294407352864923
3538,7246,123,123,True,0.23863521281439531,0.24832993974580342
3539,7247,123,123,True,0.2386319941347241,0.26866073711116406
3540,7249,123,123,True,0.6466892331241579,0.6399978844825415
3541,7251,123,123,True,0.26580079365265863,0.30830113006774423
3542,7252,123,123,True,0.2646278269062574,0.3088987924872191
3543,7253,123,123,True,0.5410900366279564,0.5369179731700914
3544,7255,123,123,True,0.5706871740482978,0.5146781050843261
3545,7257,123,125,False,0.674855593777503,0.7177302812383636
3546,7261,123,123,True,0.8652789239917721,0.8894048362463792
3547,7263,123,122,False,0.6060989380106392,0.6681816600656184
3548,7266,123,122,False,0.36704631291699974,0.4056366875527758
3549,7269,124,130,False,0.6608724595490153,0.4605128706537984
3550,7271,124,124,True,0.8272530468161643,0.8097445332671647
3551,7273,124,124,True,0.9035945473840659,0.8974482052250939
3552,7277,124,124,True,0.8090688761191579,0.8424000910966868
3553,7279,124,124,True,0.858494592823567,0.8455040828307203
3554,7280,124,116,False,0.8315640868276193,0.8460111845929039
3555,7281,124,124,True,0.9170542954706844,0.9277783025701287
3556,7282,124,124,True,0.7819068678572102,0.8094097084973625
3557,7283,124,124,True,0.6368328076859034,0.7397492624078168
3558,7284,124,124,True,0.8398642302006933,0.776126348893933
3559,7289,124,128,False,0.8951992249191728,0.8842949301190864
3560,7291,124,124,True,0.889818676075704,0.8967250530340158
3561,7292,124,124,True,0.7616216777345147,0.6026659824034317
3562,7293,124,124,True,0.7993006412214408,0.514571469417497
3563,7297,124,124,True,0.8647260947499303,0.8793311941243265
3564,7299,124,124,True,0.7453256190392478,0.7833795276893589
3565,7302,124,114,False,0.7180163630809782,0.8396075064729888
3566,7303,124,124,True,0.582159267620881,0.5271566950673037
3567,7306,124,124,True,0.9328547436361838,0.9357172330654774
3568,7309,124,124,True,0.9273563699524511,0.9200087552421145
3569,7310,124,182,False,0.3977922893110043,0.2478993028230593
3570,7311,124,124,True,0.6344731971668169,0.7153545332647886
3571,7313,124,124,True,0.7094995395085609,0.7683710106479588
3572,7314,124,124,True,0.9442736287486903,0.9314777702963214
3573,7315,124,124,True,0.8361767496305279,0.8026761887130669
3574,7317,124,124,True,0.6373049503080661,0.293252313689381
3575,7319,124,124,True,0.8403761473182235,0.7073776712321318
3576,7321,124,124,True,0.7076813630304476,0.7658308417974194
3577,7326,124,122,False,0.7869932612008173,0.8991909674650466
3578,7329,125,123,False,0.36648937761499567,0.4784402577695252
3579,7330,125,125,True,0.5542832768184317,0.6071808808296828
3580,7331,125,125,True,0.3945462144842555,0.5713685867183436
3581,7335,125,125,True,0.40022961609066643,0.35862967059779477
3582,7338,125,112,False,0.3551643378483488,0.4439523614512206
3583,7340,125,125,True,0.18818796485970551,0.4635436598054242
3584,7341,125,125,True,0.6410983914031797,0.6807203611272541
3585,7342,125,125,True,0.6443491221219314,0.8005968878572158
3586,7344,125,118,False,0.5008769602206447,0.5925262272266443
3587,7346,125,112,False,0.1552765645434246,0.25823251457336915
3588,7347,125,103,False,0.09089358316848899,0.21417265750050538
3589,7349,125,125,True,0.20673958112962057,0.39923166309385444
3590,7350,125,125,True,0.2446799587498229,0.37926606214933545
3591,7351,125,132,False,0.8143688117754777,0.7502358447749462
3592,7352,125,125,True,0.07198881388812264,0.18525607570785657
3593,7354,125,125,True,0.4470447631789545,0.39356326191302876
3594,7355,125,125,True,0.8217707405752456,0.8738219291067866
3595,7356,125,123,False,0.8175749761429738,0.6767714836490097
3596,7357,125,125,True,0.6492177485081468,0.7241534067840323
3597,7358,125,125,True,0.22076569566206292,0.29426472138573223
3598,7361,125,125,True,0.4106878179547923,0.6126090281950521
3599,7365,125,125,True,0.5059448778926299,0.630188349631668
3600,7369,125,125,True,0.5935672705182348,0.5816012793316633
3601,7372,125,180,False,0.3562853660994016,0.47486196879808934
3602,7374,125,125,True,0.7547013367798397,0.8884150302552813
3603,7379,125,125,True,0.4734015671306667,0.5894812899187568
3604,7383,125,123,False,0.5221002126659411,0.4946094843569839
3605,7384,125,103,False,0.5148023583165268,0.5939275050509921
3606,7385,125,125,True,0.43031535509352203,0.4188934236858517
3607,7386,125,125,True,0.5224665902342197,0.5142238980964587
3608,7387,126,112,False,0.7809348751543438,0.753156622890991
3609,7388,126,126,True,0.8063129089332647,0.792716393100098
3610,7389,126,126,True,0.6171340218122073,0.4737993654376943
3611,7391,126,126,True,0.8374991628762709,0.8108321762981441
3612,7394,126,126,True,0.9318935105620202,0.9247915417604426
3613,7395,126,123,False,0.5846280223595246,0.5329966417321061
3614,7396,126,130,False,0.579681662721584,0.5720604946656781
3615,7398,126,130,False,0.38442906544564,0.28635018707485865
3616,7400,126,126,True,0.9423653584352443,0.9251882182135188
3617,7403,126,126,True,0.7869548620809745,0.7344972849947615
3618,7404,126,126,True,0.4781040514682617,0.43006182833732276
3619,7405,126,126,True,0.8885068192823562,0.8772565668333675
3620,7408,126,126,True,0.42185315679387375,0.4554899843260724
3621,7409,126,126,True,0.437348648053963,0.38180797283238554
3622,7413,126,126,True,0.8195364560314313,0.7845165658030487
3623,7415,126,126,True,0.6189088466207091,0.5984655175452278
3624,7418,126,126,True,0.17194177406355524,0.168548521034007
3625,7421,126,170,False,0.6899506705740645,0.7012551415735707
3626,7422,126,126,True,0.5635946360363518,0.4705848936331839
3627,7424,126,128,False,0.8701108977347048,0.8704666097141408
3628,7425,126,98,False,0.6955043403124778,0.6573988658581998
3629,7428,126,130,False,0.5069430263903965,0.48163948170362003
3630,7431,126,126,True,0.843017975219929,0.8462638704519104
3631,7434,126,126,True,0.7356381286475682,0.7357813696530591
3632,7436,126,126,True,0.5449111649916691,0.5363471010933141
3633,7440,126,126,True,0.7253738605161774,0.6799924584506913
3634,7441,126,126,True,0.5965387254902867,0.5742062888497051
3635,7442,126,126,True,0.41835526048974075,0.38243917374246084
3636,7443,126,127,False,0.8718800671307871,0.8366544646710407
3637,7446,126,120,False,0.5540598912825434,0.4845975671965755
3638,7447,127,127,True,0.5002278116944133,0.5063501321531122
3639,7449,127,127,True,0.5676001344312482,0.6427241175910631
3640,7450,127,127,True,0.47988931870277907,0.5681576142380894
3641,7451,127,127,True,0.4782855834013109,0.49984109667650234
3642,7452,127,127,True,0.4459592798022175,0.4881373605949528
3643,7454,127,127,True,0.3176633566735504,0.3393221928051546
3644,7457,127,127,True,0.2127780459195188,0.3486740012694504
3645,7458,127,127,True,0.16117734309671775,0.20452309420640907
3646,7463,127,127,True,0.31286930397372903,0.38412564481338585
3647,7466,127,127,True,0.5573414755537547,0.6438520646785605
3648,7470,127,127,True,0.9058635637256256,0.9359713869777188
3649,7473,127,127,True,0.6609359569626876,0.6967307530670821
3650,7475,127,114,False,0.6735589170318177,0.7659971643277514
3651,7476,127,127,True,0.2627407414957924,0.3290714060813496
3652,7477,127,127,True,0.5794515346685362,0.8147864391123099
3653,7478,127,116,False,0.15819002861108178,0.15194991028870056
3654,7479,127,127,True,0.2797411583371941,0.3641166427179334
3655,7481,127,127,True,0.36300512195659795,0.44116250678789903
3656,7483,127,127,True,0.1678835798846599,0.20078951762432076
3657,7486,127,127,True,0.8202911842431627,0.7223981172205682
3658,7487,127,114,False,0.5672284200427271,0.5818936819094851
3659,7488,127,127,True,0.4344873600069319,0.4411903461891526
3660,7492,127,128,False,0.7886908203614612,0.8220305467860134
3661,7494,127,117,False,0.7265586419237243,0.6553067387253789
3662,7497,127,127,True,0.2635366675769592,0.34355051351834687
3663,7498,127,127,True,0.16749746962083195,0.1799002495365931
3664,7500,127,127,True,0.32331159542635385,0.3481772746682173
3665,7502,127,127,True,0.15113096894159944,0.19470900695566098
3666,7505,127,127,True,0.2661353049370775,0.2906672589450055
3667,7506,127,127,True,0.37669161787233374,0.3517482691824257
3668,7507,128,128,True,0.5485140639416427,0.4332394183575601
3669,7509,128,119,False,0.4115204746661384,0.2754003502685442
3670,7510,128,98,False,0.8472697108215216,0.8157638850932964
3671,7511,128,126,False,0.6759051640402075,0.6171495944313157
3672,7512,128,128,True,0.5133900121949212,0.5125245587836316
3673,7516,128,128,True,0.9515943778807824,0.9429693684814212
3674,7518,128,124,False,0.6336024159481533,0.6995941911598718
3675,7520,128,128,True,0.8829797454718907,0.8478500495705412
3676,7521,128,128,True,0.7051708338013846,0.6965606676519439
3677,7523,128,118,False,0.6390264754683603,0.624311301274336
3678,7526,128,148,False,0.6628816919693427,0.7468363182504337
3679,7529,128,128,True,0.7752840354818153,0.772488148387608
3680,7531,128,128,True,0.3643778760467244,0.3077993889828408
3681,7532,128,128,True,0.7239903029548811,0.6508796834926022
3682,7533,128,119,False,0.2313069645682696,0.1997088162043137
3683,7537,128,128,True,0.5539573485637318,0.3963390264650985
3684,7538,128,130,False,0.4837479861217029,0.5197317183486361
3685,7539,128,118,False,0.8842531810486725,0.8925401273352258
3686,7540,128,128,True,0.6383023837418361,0.645627653387457
3687,7546,128,118,False,0.6189644513358963,0.5572663772442171
3688,7548,128,128,True,0.5287479930829135,0.4098994664386438
3689,7550,128,128,True,0.6468973057140576,0.422233820649717
3690,7552,128,128,True,0.8539176037624286,0.8477215909112974
3691,7553,128,128,True,0.42009284623059256,0.3311016921453333
3692,7557,128,128,True,0.8532726729180287,0.8285924469780468
3693,7558,128,128,True,0.40046673234797964,0.24649203369418943
3694,7559,128,128,True,0.7880903404606604,0.7442814596335031
3695,7560,128,128,True,0.7911764381225446,0.7700012824576473
3696,7562,128,128,True,0.7216484785081057,0.7006535247269983
3697,7565,128,128,True,0.9118620631765499,0.8999189187338252
3698,7573,129,117,False,0.40783403482473424,0.44809910226775096
3699,7574,129,117,False,0.6798322226018432,0.589741155222675
3700,7576,129,129,True,0.5875796266496791,0.7312479472013159
3701,7577,129,117,False,0.40874175615719843,0.2723998035509541
3702,7580,129,129,True,0.4918963415268078,0.6298544629733687
3703,7581,129,117,False,0.8234929899268177,0.72050811794279
3704,7582,129,118,False,0.6064360400563552,0.6027769403973238
3705,7583,129,115,False,0.5255062242130308,0.6230935730966732
3706,7586,129,117,False,0.922617726451789,0.8027747445876302
3707,7587,129,118,False,0.8763476048667357,0.8688486822818545
3708,7588,129,115,False,0.4008665784916826,0.4139721843763615
3709,7589,129,129,True,0.5241000180215576,0.6951365413595079
3710,7591,129,129,True,0.3854674992820369,0.4311256295591608
3711,7593,129,129,True,0.6554762806436034,0.6429517039834338
3712,7596,129,129,True,0.8169297500967362,0.9176531178457913
3713,7597,129,129,True,0.6041298486657221,0.6261574191802218
3714,7601,129,118,False,0.6459701905310861,0.7967032796348607
3715,7602,129,117,False,0.8439719799690105,0.8868989037155123
3716,7603,129,129,True,0.9712613585207706,0.9376257937576835
3717,7606,129,129,True,0.6157017483417259,0.6978637434062162
3718,7607,129,129,True,0.28713574240305717,0.3575896352146886
3719,7609,129,129,True,0.45890678678562213,0.6525527783647801
3720,7611,129,131,False,0.8306499361730642,0.8284946433269147
3721,7613,129,118,False,0.32588180439799386,0.5517222019981163
3722,7614,129,38,False,0.46039340442863547,0.5222944946782875
3723,7615,129,129,True,0.35601763875412834,0.42294157363168716
3724,7620,129,150,False,0.2727020618384572,0.4646326195795609
3725,7622,129,117,False,0.6273131351062131,0.681231413400464
3726,7623,129,117,False,0.6013483052925488,0.6679991289377909
3727,7625,129,117,False,0.668001688808627,0.6604964002024223
3728,7629,130,126,False,0.46083303274372533,0.4395822213345362
3729,7630,130,118,False,0.5651391955368706,0.642653389660028
3730,7631,130,130,True,0.15482783403920838,0.17075797858792166
3731,7636,130,27,False,0.2772751195580912,0.22575001132541017
3732,7637,130,130,True,0.38870575372940563,0.415650513675757
3733,7638,130,130,True,0.5268543589179768,0.6409328936412615
3734,7640,130,130,True,0.4936374000912417,0.40003782799855964
3735,7642,130,130,True,0.35508984031197643,0.23113510377957389
3736,7644,130,130,True,0.11642303338680145,0.10747781075452371
3737,7646,130,130,True,0.1070503996372184,0.0942321561900378
3738,7647,130,130,True,0.39772382737699874,0.32876851019190967
3739,7650,130,53,False,0.3239779611572077,0.45064846962524535
3740,7651,130,130,True,0.8567274124912916,0.8613094557341642
3741,7655,130,130,True,0.3277409403323826,0.2744943944877491
3742,7659,130,130,True,0.6159023539652952,0.6785021425067199
3743,7660,130,149,False,0.43662485359759046,0.6475459102944839
3744,7661,130,130,True,0.5098967638225951,0.5251516862890241
3745,7663,130,130,True,0.29591345669756614,0.3091443390624211
3746,7667,130,130,True,0.6066149123721684,0.6286363071854838
3747,7668,130,130,True,0.41086542937076315,0.4495642422470834
3748,7669,130,114,False,0.3302318071694368,0.31966763904639794
3749,7671,130,126,False,0.05745310168635042,0.08781180364731928
3750,7672,130,130,True,0.23064504659727025,0.25104564505841687
3751,7674,130,130,True,0.36571693760799634,0.45365667566871315
3752,7675,130,130,True,0.6747077163149509,0.7157104209635646
3753,7679,130,130,True,0.2760828556873604,0.3096179279446048
3754,7680,130,130,True,0.660120322693315,0.6212625090655434
3755,7681,130,130,True,0.1915842160949311,0.34365400913421235
3756,7683,130,130,True,0.20506452771269343,0.2401320765320294
3757,7684,130,130,True,0.35334264173160734,0.3004612373305331
3758,7689,131,131,True,0.52881143561444,0.4122373215690211
3759,7692,131,131,True,0.4172803665164943,0.49123196903182803
3760,7693,131,131,True,0.826591653717107,0.8430340974434982
3761,7697,131,131,True,0.6219668211889562,0.712245969978117
3762,7701,131,131,True,0.29285154920508616,0.2736859654794911
3763,7705,131,131,True,0.36134393664485426,0.36810104229587354
3764,7709,131,131,True,0.6453460245597071,0.6465255927071689
3765,7710,131,131,True,0.7828074724282307,0.7085620354733839
3766,7712,131,131,True,0.5708103651556096,0.5040782522074936
3767,7714,131,118,False,0.719128118087733,0.7871973728988388
3768,7715,131,131,True,0.3826716344102576,0.2975211538829198
3769,7719,131,131,True,0.767055948200937,0.736610691975166
3770,7720,131,131,True,0.2639015883051835,0.19885446399106735
3771,7721,131,131,True,0.6351067529030022,0.51904431670781
3772,7722,131,131,True,0.7444314943809474,0.7919015721029597
3773,7723,131,131,True,0.4138926451266411,0.3230508295093994
3774,7724,131,131,True,0.2938975377381023,0.328287938419459
3775,7725,131,131,True,0.8398288906403627,0.7867741648173243
3776,7727,131,131,True,0.5791210336627364,0.5592462576256992
3777,7730,131,131,True,0.936030567400735,0.9073280172099938
3778,7733,131,131,True,0.6451821369990406,0.6617786058668894
3779,7734,131,131,True,0.7506394084294928,0.7648612521903375
3780,7735,131,131,True,0.8560634428788407,0.8585084498131005
3781,7736,131,131,True,0.6038150913799807,0.7155652635491615
3782,7737,131,131,True,0.5372820755590757,0.5644054859374156
3783,7738,131,131,True,0.27233060373416834,0.11553318683735508
3784,7739,131,131,True,0.5746261267054023,0.5518177375342028
3785,7743,131,131,True,0.959054281064903,0.9464506205891702
3786,7745,131,131,True,0.772922963624814,0.7854104901768397
3787,7746,131,131,True,0.7731687942230743,0.6869702709691196
3788,7747,132,132,True,0.9206992945314668,0.947802378049093
3789,7748,132,132,True,0.8566039487248301,0.6122530044174908
3790,7749,132,132,True,0.8599662386324474,0.7487957084674499
3791,7753,132,132,True,0.9121008347098388,0.8577380757128833
3792,7754,132,131,False,0.8958510259792518,0.8452597588060109
3793,7756,132,130,False,0.18363649502571724,0.11364657792272223
3794,7757,132,132,True,0.5148685597780707,0.2799996148763713
3795,7762,132,132,True,0.89146359274289,0.8897844870329998
3796,7768,132,132,True,0.8158793243560459,0.7021188538872305
3797,7769,132,132,True,0.8982592664519988,0.8620839047585289
3798,7771,132,116,False,0.7660584005168048,0.6920680429259469
3799,7772,132,132,True,0.6408450761577961,0.4735247125218995
3800,7775,132,132,True,0.6567701915955668,0.5852097611864691
3801,7776,132,132,True,0.9989493741153798,0.9977809279517839
3802,7777,132,132,True,0.49832911448477013,0.41443034024690967
3803,7778,132,132,True,0.9400935518498752,0.9113622380973855
3804,7781,132,132,True,0.5454704839820159,0.3871789701940074
3805,7782,132,132,True,0.7115527545580567,0.4868250200209472
3806,7783,132,132,True,0.4478439506831974,0.3878717978984299
3807,7785,132,132,True,0.46053770634455454,0.4702484212352386
3808,7786,132,132,True,0.24030816419037782,0.4013649433665041
3809,7787,132,132,True,0.9008152300852291,0.7776343095230411
3810,7793,132,132,True,0.6375290954774113,0.5410427201085057
3811,7794,132,132,True,0.8817381726734563,0.8122431463324796
3812,7796,132,120,False,0.646935248748485,0.46557270439173687
3813,7799,132,132,True,0.8363628247739872,0.4630623823353221
3814,7801,132,132,True,0.6369945312573183,0.5401139991850271
3815,7802,132,132,True,0.8364869689148533,0.8494787673794717
3816,7805,132,132,True,0.8804025912439493,0.7452234626419489
3817,7806,132,132,True,0.5841319204916512,0.48064893509700385
3818,7807,133,133,True,0.3478901872211474,0.2929285083005538
3819,7808,133,133,True,0.8032654186897282,0.7719123706813842
3820,7809,133,133,True,0.6734325600861399,0.5569151021148028
3821,7812,133,133,True,0.35869351745133327,0.32545255410384183
3822,7813,133,133,True,0.27391697320761765,0.4064445119054782
3823,7815,133,133,True,0.7863331843969968,0.6776698848081334
3824,7819,133,133,True,0.6424160549421174,0.5438989590270482
3825,7820,133,133,True,0.905976522621623,0.8569382010505486
3826,7822,133,133,True,0.3165430181398837,0.1635297786075958
3827,7825,133,133,True,0.7951361241837557,0.7304969445289848
3828,7829,133,133,True,0.7106358148852289,0.4726717208458402
3829,7830,133,133,True,0.535013391391026,0.5069029729444757
3830,7836,133,133,True,0.5803710141903325,0.5013153084190197
3831,7839,133,133,True,0.44047110926474387,0.36786860691861706
3832,7841,133,133,True,0.4113975542087558,0.3486781957295947
3833,7842,133,133,True,0.3056661129768488,0.19888600493362052
3834,7849,133,133,True,0.45489275640249854,0.271440922202394
3835,7851,133,133,True,0.8805419705930181,0.7913605078053825
3836,7852,133,133,True,0.8060357488066319,0.7789809551027962
3837,7853,133,133,True,0.9425372844256192,0.9393020314210938
3838,7856,133,133,True,0.69150865816091,0.7568552502821393
3839,7857,133,133,True,0.5141434324276872,0.3333627257594212
3840,7858,133,133,True,0.8649343927297234,0.8331031591765045
3841,7859,133,133,True,0.6699452716702441,0.42296225201801896
3842,7860,133,29,False,0.2560533922564896,0.19485591576535893
3843,7862,133,133,True,0.8986106921437601,0.8987649607717677
3844,7863,133,133,True,0.42739302806224055,0.332693438985882
3845,7864,133,133,True,0.9507204870182462,0.9175060432839538
3846,7865,133,133,True,0.7197083914748406,0.6941478656135042
3847,7866,133,133,True,0.631508786640264,0.6829287831708296
3848,7874,134,134,True,0.4095955605609533,0.36211214681592246
3849,7877,134,134,True,0.7867649257212207,0.7836243529992344
3850,7879,134,78,False,0.14876736198596982,0.21790036551510997
3851,7882,134,77,False,0.3882525896626761,0.3949247137166964
3852,7884,134,134,True,0.459376523491884,0.451611147402262
3853,7887,134,90,False,0.48128967893530133,0.5197791732663851
3854,7888,134,101,False,0.3510439693799167,0.32953736903257796
3855,7889,134,134,True,0.3765295262625686,0.3409578858668923
3856,7891,134,39,False,0.6773616122734182,0.6318127596216452
3857,7893,134,134,True,0.7179864145567078,0.6833950904378184
3858,7894,134,141,False,0.5395196121840171,0.5055823322540827
3859,7895,134,134,True,0.24358221584186918,0.19275000767723924
3860,7897,134,134,True,0.37519869531002875,0.32758658839207827
3861,7901,134,39,False,0.7128198062090872,0.6979870240494532
3862,7903,134,134,True,0.5030426900375221,0.4228878561770369
3863,7904,134,134,True,0.6728783680747339,0.6711856127082917
3864,7906,134,134,True,0.6882730795356425,0.6921437800055592
3865,7907,134,117,False,0.8261833484243721,0.8011205646283737
3866,7908,134,134,True,0.7246394324176271,0.652352080020125
3867,7909,134,134,True,0.5354885387327766,0.6142900718362498
3868,7913,134,134,True,0.7110114052714407,0.6853198354777341
3869,7915,134,134,True,0.6266685338055161,0.5670595058612509
3870,7917,134,136,False,0.29334611753265843,0.2586845264814543
3871,7918,134,134,True,0.34679251928984517,0.31404307668205594
3872,7919,134,141,False,0.6818106141388034,0.6764538527383406
3873,7920,134,134,True,0.251974774913915,0.21515625512221048
3874,7922,134,134,True,0.43275492546419997,0.43345778067214485
3875,7923,134,70,False,0.08711335431339018,0.10103068848826943
3876,7924,134,134,True,0.48617451173053056,0.4891044248800763
3877,7925,134,134,True,0.2956399182500215,0.2765821236458971
3878,7926,135,135,True,0.5118920933811902,0.5433015643445286
3879,7927,135,135,True,0.49482244609874315,0.4832274930418444
3880,7928,135,135,True,0.757860313598772,0.7661305853114467
3881,7931,135,136,False,0.4272201898055226,0.45754243750786666
3882,7932,135,135,True,0.6973775730388744,0.7547121149601485
3883,7933,135,135,True,0.7089198314166788,0.8143193480032848
3884,7942,135,135,True,0.7533563261708175,0.7678027385921979
3885,7943,135,135,True,0.6720066300518587,0.7377053069833575
3886,7944,135,14,False,0.6238417801130807,0.6261017769302835
3887,7947,135,135,True,0.6131721816548591,0.6684723867981694
3888,7949,135,135,True,0.7226771598785491,0.7515761138972108
3889,7950,135,157,False,0.46858525200614104,0.5801119582544672
3890,7951,135,135,True,0.6247619511082193,0.6107079172583346
3891,7952,135,136,False,0.23098377759654737,0.32254836041414575
3892,7953,135,135,True,0.5327326880573924,0.6127716177745236
3893,7955,135,137,False,0.6820342399773864,0.7316592334599109
3894,7956,135,135,True,0.646130747591557,0.6961759813492626
3895,7963,135,136,False,0.738521236096879,0.7331147434042143
3896,7965,135,135,True,0.8589563275027388,0.8113646197364909
3897,7967,135,136,False,0.8632621991853755,0.8493190779565313
3898,7970,135,135,True,0.7677439128278521,0.8191999456339709
3899,7971,135,136,False,0.48516520396113616,0.4930251302021729
3900,7973,135,135,True,0.4728655241588256,0.37668487910303505
3901,7974,135,135,True,0.34275156807564106,0.4397186550507701
3902,7975,135,135,True,0.6559092988343616,0.6777691188498705
3903,7978,135,135,True,0.7051740008584436,0.7512427965129167
3904,7980,135,135,True,0.4965830386352111,0.5468923762310576
3905,7981,135,135,True,0.4315353246748603,0.4162287970039593
3906,7984,135,136,False,0.3788275091892622,0.40637038329120906
3907,7985,135,136,False,0.3050109913275689,0.25118156441475925
3908,7986,136,136,True,0.5594589380212134,0.6368053399522088
3909,7987,136,136,True,0.11761585370531835,0.1441585045565825
3910,7989,136,135,False,0.2958712582054208,0.2925071243571184
3911,7990,136,136,True,0.13560478344052793,0.2705059713304233
3912,7991,136,136,True,0.4311968024667467,0.19383341179593924
3913,7994,136,136,True,0.6534249514396135,0.778751078877585
3914,7996,136,136,True,0.5556427448958355,0.6588040293493911
3915,7998,136,136,True,0.19681123646790352,0.3120214264843792
3916,7999,136,136,True,0.6365442793443644,0.5531646661334312
3917,8003,136,135,False,0.46437600187448214,0.38372880642266655
3918,8005,136,136,True,0.20537967987401234,0.31787413316182855
3919,8009,136,136,True,0.5347754007181525,0.5297226650708565
3920,8011,136,135,False,0.654453596751772,0.5237716470630077
3921,8013,136,136,True,0.3187309224612498,0.24277108587774215
3922,8015,136,136,True,0.5426136607650259,0.3584934649013104
3923,8017,136,136,True,0.6503398785680009,0.6595955513170533
3924,8021,136,136,True,0.9829558102710352,0.7852319624227604
3925,8022,136,135,False,0.8756686795596227,0.9303846809767726
3926,8025,136,136,True,0.7335519591991188,0.6898710160253074
3927,8027,136,136,True,0.8939551545710074,0.9064617269748111
3928,8028,136,136,True,0.5705465577335918,0.5703903400223843
3929,8029,136,136,True,0.6292506949941795,0.4439622147136787
3930,8030,136,136,True,0.80631124231912,0.8065910907428594
3931,8032,136,134,False,0.7838257277803181,0.8712570456983987
3932,8033,136,136,True,0.5452437493833981,0.7037500971057707
3933,8036,136,135,False,0.396568670536844,0.4382854977989803
3934,8037,136,135,False,0.1845200884293629,0.19242518815405324
3935,8039,136,135,False,0.3346507189939228,0.3499531114643666
3936,8040,136,136,True,0.5467548356130031,0.6867567914177528
3937,8045,136,136,True,0.1855759266780243,0.2953324344941485
3938,8049,137,137,True,0.7218488251486312,0.61482254337618
3939,8050,137,134,False,0.24795188950612615,0.18325578436545864
3940,8051,137,137,True,0.649165383661813,0.6030168472488926
3941,8054,137,102,False,0.9138943503718187,0.8519719652656474
3942,8056,137,137,True,0.772291460928926,0.834481137448747
3943,8058,137,137,True,0.8510451267941103,0.8462360676780809
3944,8059,137,137,True,0.7084737749008938,0.6869808802702722
3945,8061,137,137,True,0.5831880553368574,0.5099472616763355
3946,8063,137,137,True,0.5562089883650368,0.4593071481524009
3947,8068,137,137,True,0.5745988218352306,0.5731777291730441
3948,8069,137,137,True,0.9227716239752226,0.9167492040744245
3949,8071,137,137,True,0.7285991517119499,0.7201018898829629
3950,8072,137,137,True,0.6632654005834099,0.5784059888597097
3951,8073,137,77,False,0.6197034513827943,0.6075175213760201
3952,8077,137,137,True,0.7024342925281081,0.7287879595773306
3953,8079,137,137,True,0.7154476329997542,0.6743472739487143
3954,8080,137,137,True,0.7273474507060577,0.7494984189743199
3955,8081,137,137,True,0.48546127996959754,0.42295100695237775
3956,8082,137,199,False,0.4375005612074392,0.38812630488467464
3957,8084,137,134,False,0.8897437376193189,0.9082485262436653
3958,8086,137,137,True,0.6943255567776581,0.6910015198283479
3959,8087,137,137,True,0.6432929417791293,0.6526161602746162
3960,8088,137,137,True,0.8368158858477399,0.732694197823203
3961,8091,137,137,True,0.737250494442385,0.7169367385824678
3962,8093,137,137,True,0.8001888638952025,0.8048631610360344
3963,8095,137,137,True,0.7517490609975366,0.8072041431292125
3964,8097,137,137,True,0.7664901312130726,0.7030003234838323
3965,8098,137,136,False,0.7814959932416994,0.5640750801559099
3966,8100,137,137,True,0.8602280862993646,0.8675792358257519
3967,8105,137,134,False,0.5127856691575347,0.4636217173148328
3968,8106,138,138,True,0.47064598052885864,0.3178659933397143
3969,8108,138,138,True,0.8038330881203432,0.6473665856899884
3970,8109,138,138,True,0.4736149356372484,0.3798725744597502
3971,8111,138,138,True,0.6841151395852618,0.6007684529990968
3972,8118,138,94,False,0.6672042004285981,0.5055254398704226
3973,8119,138,138,True,0.9256436383702984,0.8883709215723251
3974,8122,138,138,True,0.410273561508117,0.3084895098313528
3975,8124,138,138,True,0.9182580399519914,0.8602194606338416
3976,8126,138,138,True,0.31738128411869776,0.22815259275771813
3977,8128,138,138,True,0.9555641164874193,0.9036048508573674
3978,8130,138,138,True,0.9290796477126341,0.8829485849815429
3979,8134,138,138,True,0.9673649425448733,0.9051959380053894
3980,8135,138,139,False,0.9592804376965884,0.8866653538280258
3981,8136,138,138,True,0.9373826168197864,0.8811336650087142
3982,8137,138,138,True,0.9133784117886817,0.7183162050860201
3983,8139,138,138,True,0.9447135946649964,0.7839163682482141
3984,8140,138,138,True,0.9557564126434256,0.9467614774448398
3985,8143,138,138,True,0.9518766627146193,0.8064777798917588
3986,8148,138,138,True,0.8322984964954953,0.6774576632112774
3987,8149,138,138,True,0.9537916575186658,0.8829041591505458
3988,8150,138,138,True,0.970930178515912,0.9574171126561947
3989,8152,138,138,True,0.8978571020781234,0.8445196682841052
3990,8154,138,138,True,0.7295855525333576,0.5738767105524453
3991,8155,138,138,True,0.8096068174460517,0.6520090653079748
3992,8156,138,138,True,0.7610861336985507,0.5132092277423336
3993,8157,138,138,True,0.8254229107122542,0.6803531236495296
3994,8159,138,138,True,0.7322447524443011,0.635439199903792
3995,8162,138,138,True,0.7258537902096133,0.5243285533287375
3996,8164,138,138,True,0.7561110613681884,0.6719255425198575
3997,8165,138,138,True,0.8553591155696261,0.5069716572203378
3998,8166,139,139,True,0.9693896380675513,0.8663728675851504
3999,8168,139,139,True,0.7925325775717904,0.5095808965434195
4000,8171,139,139,True,0.5887232324291543,0.4760687546435314
4001,8173,139,139,True,0.7240390314124511,0.48455579956003586
4002,8174,139,139,True,0.49340395905667606,0.3961324209519351
4003,8175,139,139,True,0.8902136451212852,0.854165420922411
4004,8176,139,139,True,0.8643733672662908,0.6402264558311659
4005,8182,139,139,True,0.9846862840538532,0.9656302500208099
4006,8184,139,139,True,0.7343279201020876,0.6215652704831244
4007,8185,139,139,True,0.8326580467905087,0.7815788588183024
4008,8186,139,139,True,0.6580315280693352,0.5633027693847272
4009,8188,139,139,True,0.9464710048154669,0.8651466137786802
4010,8189,139,139,True,0.9290156941240747,0.8927636190681779
4011,8190,139,139,True,0.9086401252060277,0.8307084493944912
4012,8195,139,139,True,0.8423193699423179,0.7864736017807251
4013,8196,139,139,True,0.6736387089606553,0.5364867134398952
4014,8197,139,139,True,0.882999458359321,0.7218407536860099
4015,8199,139,139,True,0.6561200523468831,0.46453777437129495
4016,8200,139,139,True,0.8820269546451391,0.6758937778322872
4017,8204,139,139,True,0.9437458736575083,0.8933051081777806
4018,8207,139,139,True,0.903954408266077,0.7561776130051238
4019,8210,139,139,True,0.3958136864205758,0.3139933146270433
4020,8213,139,139,True,0.8659832950427176,0.7086497751721405
4021,8215,139,139,True,0.8699193124396372,0.6961115294272159
4022,8216,139,139,True,0.8030603802624571,0.6060579000824139
4023,8220,139,139,True,0.810211119517743,0.5894010635000608
4024,8222,139,139,True,0.9187019049355706,0.8083525544668687
4025,8223,139,138,False,0.9136248980502372,0.9214697886830403
4026,8224,139,139,True,0.7838688334739977,0.5846786765947601
4027,8225,139,139,True,0.9115458657310245,0.7698159709967983
4028,8227,140,140,True,0.4434753914075541,0.3606421907139181
4029,8228,140,143,False,0.668056747354596,0.7025872666096575
4030,8232,140,143,False,0.6083800482802747,0.5746967498821247
4031,8234,140,140,True,0.7996072729164846,0.7916176071690938
4032,8235,140,140,True,0.8947783861332113,0.9118041077083346
4033,8238,140,140,True,0.9124631388912385,0.9086843440302644
4034,8242,140,140,True,0.9231038264478147,0.8575044668433517
4035,8243,140,143,False,0.8141061830318782,0.7780122106762869
4036,8244,140,140,True,0.6781245532731799,0.6458519904670611
4037,8246,140,140,True,0.5859389222035966,0.5557253782084415
4038,8248,140,140,True,0.7271879561751319,0.7546009782090083
4039,8249,140,140,True,0.4447415660398298,0.4829595928961298
4040,8252,140,143,False,0.6816606916552432,0.6429420705017616
4041,8253,140,140,True,0.7932673552358623,0.8001117176579805
4042,8254,140,143,False,0.8114738668603018,0.800431090873943
4043,8257,140,140,True,0.56734774157206,0.4578322320772516
4044,8260,140,140,True,0.6956322759831188,0.6104835317355485
4045,8261,140,140,True,0.6030927496649651,0.48657809213298914
4046,8262,140,140,True,0.6465559739420482,0.6990533604705431
4047,8266,140,140,True,0.5156199844604022,0.3842909968616906
4048,8268,140,145,False,0.8376364265644707,0.8255804238976615
4049,8270,140,140,True,0.900853951761882,0.8912057462059775
4050,8272,140,140,True,0.617054654786069,0.6667229032825293
4051,8273,140,140,True,0.7082539271403899,0.6983479338141223
4052,8275,140,143,False,0.7760930396816007,0.7416640886050063
4053,8277,140,140,True,0.781779752117887,0.7196671533167481
4054,8278,140,143,False,0.644941327180875,0.5631095093365662
4055,8282,140,140,True,0.45833758851157574,0.44444628961005095
4056,8283,140,142,False,0.7161961416490705,0.7532989259837338
4057,8284,141,141,True,0.48195479563506594,0.5145214827669875
4058,8285,141,145,False,0.4649855156875066,0.4722511347831522
4059,8293,141,141,True,0.6757483170180557,0.7109772383070754
4060,8296,141,141,True,0.15095237671367054,0.1727403441014101
4061,8298,141,141,True,0.28711150754764164,0.21204190640190554
4062,8300,141,141,True,0.5312415907964738,0.559374615321003
4063,8304,141,141,True,0.6052389784287787,0.4404916776061001
4064,8307,141,141,True,0.38851210098798133,0.3494402774498346
4065,8308,141,141,True,0.6861285019226094,0.701843808309782
4066,8310,141,141,True,0.2538038197331436,0.17511396321745518
4067,8311,141,141,True,0.5808885278625383,0.43423827898300954
4068,8313,141,141,True,0.6350191420594246,0.5559966019005685
4069,8314,141,141,True,0.47749709769243825,0.4032163107870438
4070,8315,141,141,True,0.7687484782765521,0.7849137561464995
4071,8316,141,0,False,0.2339624141161707,0.2404191295429297
4072,8317,141,70,False,0.2492842862954579,0.36723852872576507
4073,8318,141,141,True,0.5568515599036395,0.5693905649920968
4074,8319,141,141,True,0.5726521616465383,0.5390920539414387
4075,8320,141,141,True,0.3360502684471781,0.24560386822790536
4076,8325,141,141,True,0.6868260312233662,0.6379897155426507
4077,8326,141,141,True,0.5627609413104683,0.6018789295552426
4078,8327,141,141,True,0.20839715624036745,0.2027407235821612
4079,8328,141,70,False,0.6912380787133454,0.5225387112510308
4080,8330,141,141,True,0.2734772721220379,0.23870420595772238
4081,8331,141,141,True,0.5197855998108717,0.2937903475895399
4082,8332,141,141,True,0.575570387306568,0.5504160817996835
4083,8333,141,141,True,0.3890535844882306,0.3566140083745717
4084,8334,141,141,True,0.4135184936522812,0.39978518549811076
4085,8338,141,183,False,0.7973822016062901,0.7942445574006596
4086,8342,141,141,True,0.6310974025102036,0.5955433099239567
4087,8345,142,142,True,0.8352393178114361,0.6747196511388986
4088,8346,142,143,False,0.7645081998636348,0.8105569944436978
4089,8347,142,142,True,0.25889612654388666,0.2706210842797355
4090,8348,142,142,True,0.39015183085905997,0.35037647509135383
4091,8349,142,144,False,0.7110846233214899,0.6754935420704099
4092,8351,142,142,True,0.28220305618504843,0.39606485834438965
4093,8352,142,142,True,0.3024663725625756,0.34013941021635086
4094,8353,142,142,True,0.8909590612536663,0.8857699427446525
4095,8356,142,142,True,0.4820913115622206,0.4674364612002029
4096,8357,142,142,True,0.5383681543759438,0.5770419209845405
4097,8359,142,145,False,0.9019791909484886,0.9174069262666484
4098,8360,142,144,False,0.33141478539416147,0.43711731254666086
4099,8362,142,144,False,0.9478385982717136,0.962681913682836
4100,8364,142,142,True,0.7209378875202044,0.7481116616064235
4101,8365,142,142,True,0.44401107638149323,0.5065660374724611
4102,8367,142,144,False,0.8714258937329684,0.8859169896264509
4103,8372,142,142,True,0.4027440715604799,0.39221771852852294
4104,8375,142,140,False,0.36784891911292245,0.4186227685009449
4105,8380,142,142,True,0.3323609096324457,0.3866049146197398
4106,8382,142,142,True,0.1560666462910098,0.15029609110583733
4107,8383,142,142,True,0.5126223220329541,0.7712112391532902
4108,8386,142,142,True,0.2500437218626802,0.26472607068824217
4109,8387,142,142,True,0.5776475923046206,0.7569790422495064
4110,8388,142,143,False,0.4457667165546709,0.46671463640515437
4111,8389,142,142,True,0.242802108385952,0.28922769882820093
4112,8393,142,142,True,0.2071530516142454,0.17132503755516573
4113,8395,142,142,True,0.25129389279149345,0.21054295186670502
4114,8396,142,144,False,0.5005623016588111,0.6497548623627982
4115,8397,142,142,True,0.9092756895233497,0.9378062431461336
4116,8399,142,142,True,0.6445211715568058,0.581964468025079
4117,8404,143,145,False,0.6156531096999492,0.6119194141505252
4118,8412,143,140,False,0.644087953007632,0.6420138164822342
4119,8414,143,143,True,0.5668245505787706,0.6077290052584712
4120,8417,143,145,False,0.9403232301602921,0.9305672112465819
4121,8418,143,143,True,0.6320245019475811,0.6763107957732915
4122,8420,143,143,True,0.15706478381861538,0.1848225244459817
4123,8421,143,143,True,0.3977112430631156,0.34566133512688174
4124,8423,143,140,False,0.6864574938514342,0.7262239765471927
4125,8424,143,145,False,0.7246070963508431,0.7011882245636248
4126,8425,143,143,True,0.3801378449766338,0.3914059730494764
4127,8426,143,140,False,0.6026165036455735,0.5396754108534919
4128,8428,143,145,False,0.7210466933326845,0.7728616866446151
4129,8432,143,143,True,0.30668219063857477,0.3645339662663255
4130,8433,143,143,True,0.4441230371017361,0.4275082669734315
4131,8434,143,143,True,0.6139696130154144,0.45512008532700354
4132,8438,143,143,True,0.2724129529996954,0.16921090491620222
4133,8439,143,140,False,0.8059747037378757,0.8017099283904517
4134,8440,143,140,False,0.9073104019946433,0.895198822694158
4135,8442,143,141,False,0.4688795590860132,0.5154780274545349
4136,8443,143,143,True,0.3462192943910221,0.4188163156877398
4137,8444,143,143,True,0.5027586826244897,0.5612224232227713
4138,8446,143,143,True,0.5848467694081264,0.6685128027513586
4139,8447,143,145,False,0.8041856791499351,0.7523681223933297
4140,8448,143,145,False,0.6481360834259593,0.6801036387842119
4141,8451,143,143,True,0.3247273818114711,0.40518466985926777
4142,8454,143,140,False,0.743919703010798,0.6343845793851172
4143,8455,143,140,False,0.7641658516380939,0.7535919955810672
4144,8457,143,144,False,0.5986644431861992,0.704581460593774
4145,8461,143,143,True,0.3838979608595822,0.40461614320918915
4146,8463,143,144,False,0.5400954268107476,0.5905294873748026
4147,8464,144,144,True,0.5865478686233401,0.6462606263891215
4148,8465,144,144,True,0.8126288902768118,0.7849164879974595
4149,8467,144,142,False,0.8838382259943784,0.9107489990536937
4150,8468,144,144,True,0.6538510148992851,0.7843636237549045
4151,8469,144,146,False,0.5412247272602518,0.6861309914239647
4152,8474,144,144,True,0.29477789496140655,0.4965441762685727
4153,8475,144,144,True,0.4744615068107691,0.6286572758151203
4154,8476,144,145,False,0.9446189538722212,0.9463448425065547
4155,8477,144,144,True,0.40780113618138436,0.5104028217008746
4156,8478,144,144,True,0.6550741388808106,0.6748048979080026
4157,8481,144,144,True,0.3955811290898993,0.4902505813753626
4158,8485,144,142,False,0.7674580961335512,0.8261992858176311
4159,8487,144,146,False,0.7801339661069657,0.8455963557478874
4160,8488,144,144,True,0.5945860627118349,0.7642661029578849
4161,8489,144,144,True,0.6412966563466059,0.7361512703256744
4162,8490,144,144,True,0.7627755798501393,0.8168346031180052
4163,8492,144,144,True,0.33113985906542254,0.402481902833715
4164,8493,144,144,True,0.6258827498127867,0.7000781597656829
4165,8495,144,142,False,0.7125004741840797,0.8511683697223444
4166,8497,144,142,False,0.6022793793267265,0.6609786435093334
4167,8501,144,145,False,0.48865488604344276,0.6287694704542828
4168,8503,144,142,False,0.2375215890902056,0.27948641071235686
4169,8504,144,144,True,0.6057382742743442,0.729119633847013
4170,8505,144,144,True,0.8313558093899592,0.8473896126073378
4171,8506,144,142,False,0.5317161611630766,0.6034467815391956
4172,8507,144,144,True,0.6844006712621754,0.7891353994734476
4173,8508,144,142,False,0.2601018922694177,0.3689030769444476
4174,8509,144,144,True,0.8332421337185206,0.9343450769147665
4175,8511,144,144,True,0.5215209721950816,0.6246148948554696
4176,8519,144,145,False,0.366489039251744,0.4066105532351799
4177,8524,145,145,True,0.8376645939292374,0.8115009044435705
4178,8525,145,143,False,0.4893066089984566,0.3313812968509287
4179,8528,145,77,False,0.5685013862898847,0.5901824105081301
4180,8529,145,145,True,0.7120109362935584,0.7169818977199139
4181,8530,145,145,True,0.6384041876551787,0.6902185864113586
4182,8531,145,145,True,0.5388749579099569,0.5539662537605449
4183,8535,145,143,False,0.6192363176548112,0.6022575923360819
4184,8537,145,145,True,0.6023012973351434,0.4359944491851279
4185,8538,145,142,False,0.6891018114576396,0.6927312169611224
4186,8539,145,145,True,0.6973074898549899,0.6998749021370749
4187,8541,145,145,True,0.9226582235901417,0.8257906375105645
4188,8542,145,145,True,0.6613355641103699,0.45984938496496985
4189,8546,145,141,False,0.6149159111766466,0.605807986967722
4190,8547,145,142,False,0.23832067217178388,0.12103368131432021
4191,8552,145,143,False,0.5830989790445426,0.4083080414039787
4192,8554,145,146,False,0.926217905748613,0.912079837718479
4193,8555,145,145,True,0.458740005198335,0.474672676799455
4194,8558,145,143,False,0.723327487673284,0.3645814992116475
4195,8560,145,143,False,0.5732633756144946,0.47127284239474493
4196,8561,145,140,False,0.913908133616639,0.8635771206497014
4197,8563,145,145,True,0.800080665213496,0.8612453311176544
4198,8565,145,145,True,0.8376757090912783,0.7203411438158834
4199,8571,145,145,True,0.9201819403767639,0.837988272004135
4200,8573,145,145,True,0.9307209360740846,0.8986588447116481
4201,8575,145,143,False,0.8075804682982368,0.5973603192351455
4202,8577,145,145,True,0.7615351725626988,0.9075071338507633
4203,8578,145,145,True,0.740007428009673,0.5923213918269684
4204,8580,145,144,False,0.9462165838214043,0.9630382817869985
4205,8581,145,145,True,0.8707318757984434,0.8148259649993024
4206,8582,145,146,False,0.5854855284263795,0.5740282559393727
4207,8586,146,146,True,0.26638534598971175,0.3420951785575136
4208,8590,146,146,True,0.6823895629758071,0.722819214407865
4209,8591,146,146,True,0.5927203283912853,0.7059428965352831
4210,8593,146,146,True,0.455773512033834,0.5399398538320679
4211,8594,146,146,True,0.30566249275803486,0.3713341741784866
4212,8595,146,146,True,0.6610035504351635,0.7034504259334188
4213,8596,146,131,False,0.8044930642913012,0.8236124464478342
4214,8600,146,146,True,0.4197079057089144,0.5742238744913779
4215,8601,146,146,True,0.3978648613626219,0.5507278865300199
4216,8604,146,146,True,0.7527863535024604,0.8766230918027444
4217,8608,146,146,True,0.30433676850704133,0.5092311676183362
4218,8610,146,143,False,0.7445936964901443,0.8243153082595887
4219,8611,146,146,True,0.5205230293797531,0.6118479477320524
4220,8613,146,146,True,0.5191900113553165,0.6730890228851409
4221,8617,146,64,False,0.9170265748279123,0.9619204513779158
4222,8618,146,146,True,0.268758290088104,0.4394707429151798
4223,8619,146,136,False,0.07394024757495421,0.18825638861505506
4224,8620,146,146,True,0.4818443077856754,0.5170124441136508
4225,8622,146,146,True,0.7390780328656721,0.8144867696408737
4226,8623,146,146,True,0.4123630268049076,0.42476216728449817
4227,8624,146,146,True,0.34135818380595323,0.4274909351574727
4228,8627,146,146,True,0.09533038852659492,0.15325259983783407
4229,8628,146,146,True,0.4135819768611172,0.4966217772606582
4230,8629,146,146,True,0.30495446737704235,0.5861158693891911
4231,8630,146,146,True,0.725818464258701,0.8325782929583423
4232,8631,146,146,True,0.32153288170023386,0.41641269670865527
4233,8633,146,146,True,0.6700324932172788,0.7050123890315038
4234,8634,146,146,True,0.6926959935021724,0.7845246470555498
4235,8639,146,146,True,0.2684880873577327,0.3324686291004231
4236,8640,146,146,True,0.7256790864482361,0.7644769773050222
4237,8644,147,147,True,0.6573420292680914,0.5636779380384035
4238,8645,147,147,True,0.67884037410875,0.5455655314701597
4239,8649,147,147,True,0.5842796212531217,0.4878943343738911
4240,8651,147,147,True,0.9444668083548378,0.7578708171506002
4241,8652,147,147,True,0.8095941219841456,0.7913257890458534
4242,8654,147,147,True,0.2712588402262483,0.19918663742260523
4243,8655,147,147,True,0.8928377972318607,0.8681692335558318
4244,8658,147,147,True,0.32965417510917483,0.2734486540472268
4245,8659,147,115,False,0.4779253515907171,0.24423436662320588
4246,8660,147,147,True,0.6060763280827691,0.40633432988918844
4247,8664,147,147,True,0.45239073390311463,0.28539468663151474
4248,8665,147,147,True,0.37935031031846134,0.2647105880849435
4249,8667,147,147,True,0.699923863802455,0.4041085752967645
4250,8669,147,147,True,0.32307421232890443,0.2500704172228329
4251,8672,147,147,True,0.3492051074504454,0.2581501849760354
4252,8675,147,147,True,0.48460687673193414,0.39876423203276173
4253,8678,147,147,True,0.6574931795808725,0.6367698929891281
4254,8680,147,147,True,0.6212827353587161,0.5853364065458297
4255,8682,147,147,True,0.8460674877527841,0.7840134959793121
4256,8684,147,147,True,0.7893125956627159,0.6615929186598192
4257,8686,147,147,True,0.7525058386261051,0.7475453264979159
4258,8690,147,147,True,0.6885713076688919,0.6616998718786742
4259,8691,147,147,True,0.5722655581850234,0.470622096642881
4260,8692,147,147,True,0.9743007261535678,0.9726819977720894
4261,8693,147,178,False,0.6060186270300065,0.5291132529169401
4262,8694,147,147,True,0.5294216103567913,0.27248552559883477
4263,8695,147,147,True,0.8812344937899169,0.8094908100175026
4264,8696,147,147,True,0.5755989769164773,0.3467450007910123
4265,8697,147,164,False,0.1794159101095297,0.23799224336104505
4266,8699,147,147,True,0.4859074631483018,0.4485387175365004
4267,8705,148,148,True,0.5640064521218042,0.581785508820744
4268,8706,148,148,True,0.5908206279018893,0.5716973110751569
4269,8709,148,30,False,0.34659972084698387,0.33613435127719643
4270,8712,148,148,True,0.8323109254688191,0.8779474813403244
4271,8713,148,148,True,0.48051430849727256,0.46938401736733376
4272,8715,148,148,True,0.698032802902502,0.689527874908284
4273,8719,148,148,True,0.38001252042825556,0.3521621164438035
4274,8720,148,148,True,0.4969057328500243,0.44726537677959965
4275,8722,148,148,True,0.8154009129165029,0.7647983065249221
4276,8723,148,148,True,0.7834366821614083,0.7279449723787697
4277,8726,148,148,True,0.46935267992765706,0.4739274784175365
4278,8727,148,148,True,0.8290794408079936,0.8602955167125615
4279,8729,148,148,True,0.8450093137050403,0.7617625443381865
4280,8735,148,148,True,0.3467905599544276,0.3658692488907672
4281,8737,148,148,True,0.6234170412721842,0.6931025917337836
4282,8739,148,148,True,0.8884117649148626,0.9056009596588718
4283,8740,148,148,True,0.5922754420185126,0.6469343304276741
4284,8741,148,148,True,0.544343665381711,0.6014141756069119
4285,8742,148,148,True,0.8545263029298114,0.896060270295004
4286,8743,148,148,True,0.5561924897475209,0.45219427806256884
4287,8747,148,119,False,0.5226998109213409,0.45447049774231557
4288,8748,148,148,True,0.6333138547242781,0.5647636776149666
4289,8749,148,148,True,0.3558524160223297,0.31428217498626626
4290,8752,148,148,True,0.7147449678229819,0.6225163230721235
4291,8753,148,148,True,0.7210840234949266,0.6626086438212181
4292,8757,148,148,True,0.26020585735709784,0.2813617887817592
4293,8758,148,148,True,0.8897623826096098,0.8712628534078801
4294,8760,148,119,False,0.851116758493777,0.7439476096631537
4295,8762,148,148,True,0.7909083600428062,0.8512269496876519
4296,8763,149,149,True,0.9340336840772664,0.9733055535152259
4297,8768,149,149,True,0.5878040697625101,0.579121207440817
4298,8771,149,103,False,0.7174481521677871,0.871354207651132
4299,8775,149,149,True,0.5896532239887822,0.7219334904826278
4300,8776,149,149,True,0.5304528162725961,0.7219990981859901
4301,8777,149,149,True,0.8023864896226367,0.9848343738515892
4302,8778,149,90,False,0.5377580733729698,0.8001365021715515
4303,8779,149,193,False,0.4539824361308279,0.6840053568617033
4304,8780,149,149,True,0.7293122793689416,0.7924417268916246
4305,8783,149,149,True,0.8721130353683619,0.9299444163397168
4306,8784,149,149,True,0.5173318885989332,0.6754252728163865
4307,8785,149,149,True,0.9288982037245055,0.9649068073408457
4308,8788,149,193,False,0.49885779747275766,0.7057668542166681
4309,8789,149,149,True,0.7990017087971618,0.9800137758357893
4310,8791,149,149,True,0.9365936806198893,0.9527576167615789
4311,8793,149,149,True,0.9566701925133679,0.9588086006859676
4312,8795,149,149,True,0.7592467897086572,0.8871650460954567
4313,8796,149,149,True,0.3941040831991554,0.4354071657863599
4314,8797,149,149,True,0.4436482732900521,0.3952771361448919
4315,8802,149,119,False,0.9367002227228389,0.9261813139014827
4316,8803,149,149,True,0.9861008079955229,0.9812768184391463
4317,8807,149,149,True,0.6072422178922734,0.7114515532497412
4318,8808,149,193,False,0.7480681730438173,0.8744957967573425
4319,8809,149,149,True,0.7444746255563469,0.7971508987610678
4320,8811,149,149,True,0.6681149934525514,0.9057140386731122
4321,8812,149,149,True,0.263296689854544,0.43819093151433247
4322,8817,149,149,True,0.6138501876468896,0.6539997688616089
4323,8818,149,149,True,0.4762274395743636,0.7041694461768786
4324,8821,149,149,True,0.9614473178616606,0.9897635263494133
4325,8822,149,149,True,0.7207221722848456,0.8821898223803053
4326,8825,150,150,True,0.44756246973023384,0.5287012367135382
4327,8826,150,150,True,0.43709252742724325,0.40369703819766145
4328,8827,150,150,True,0.5901768946236209,0.504154802008117
4329,8834,150,150,True,0.6938741017525984,0.6461374733730086
4330,8840,150,150,True,0.32804902479199105,0.31333747338314705
4331,8841,150,150,True,0.6613191368878922,0.6299159411527852
4332,8844,150,150,True,0.3996304317162167,0.3098366452212702
4333,8846,150,150,True,0.4750820558476741,0.4676906524208792
4334,8849,150,151,False,0.21290190305280943,0.11548294162909625
4335,8850,150,150,True,0.426324653826024,0.4126852750834565
4336,8854,150,150,True,0.4633362154235491,0.34124183501319366
4337,8856,150,150,True,0.44105020488722374,0.2046908194863112
4338,8857,150,150,True,0.3616522502544541,0.3309835693901994
4339,8858,150,150,True,0.3509744399106041,0.3209499915581247
4340,8859,150,150,True,0.4606161053210467,0.4386225240942996
4341,8862,150,150,True,0.2891018093371091,0.3078630846157525
4342,8864,150,151,False,0.33230519340817966,0.36354026218519003
4343,8865,150,150,True,0.49204676319553664,0.5293354825399864
4344,8867,150,150,True,0.55847720996933,0.5211633155036061
4345,8872,150,183,False,0.17106357053705284,0.15424530321302174
4346,8873,150,150,True,0.8972389503338801,0.7899997735287684
4347,8874,151,154,False,0.6331777495900639,0.5409610673332712
4348,8876,151,151,True,0.466697396786618,0.47518309483065363
4349,8879,151,151,True,0.6949834446628049,0.7653603752734353
4350,8880,151,171,False,0.2520251063036812,0.31810692225070647
4351,8882,151,151,True,0.152100724486486,0.22348514758489826
4352,8883,151,151,True,0.45905588112013845,0.4424749609810519
4353,8887,151,151,True,0.38060838562104626,0.4392889340784891
4354,8888,151,151,True,0.7375230896603024,0.7807531377343112
4355,8890,151,155,False,0.7170619461957713,0.745111017291744
4356,8891,151,151,True,0.6669901614587825,0.6722505955810943
4357,8892,151,151,True,0.35079705682859946,0.3770690080462045
4358,8895,151,164,False,0.6955750325162668,0.7811096535499505
4359,8897,151,151,True,0.7102258226696897,0.6770414481090089
4360,8898,151,171,False,0.9752567530889811,0.9656107237523709
4361,8899,151,151,True,0.5901578256251419,0.6136574647797879
4362,8900,151,151,True,0.284488837294956,0.23468359230080962
4363,8904,151,151,True,0.819284564376006,0.8041560196231451
4364,8905,151,151,True,0.7780968145290668,0.7868910042403425
4365,8906,151,151,True,0.25830861840527547,0.2745659220929267
4366,8909,151,155,False,0.5790156683165631,0.5683374924676804
4367,8910,151,168,False,0.5150064793795309,0.5248197045719336
4368,8919,151,151,True,0.4283692001163845,0.47877915785631886
4369,8920,151,151,True,0.4391298114817584,0.4607390215650577
4370,8921,151,151,True,0.5838345607120984,0.6619998407702801
4371,8922,151,151,True,0.385078491878627,0.3303211531475543
4372,8923,151,151,True,0.48933106130947196,0.4491909094357008
4373,8926,151,151,True,0.552250387146956,0.6394692639796908
4374,8930,151,151,True,0.657535714264904,0.7194161465724628
4375,8931,151,151,True,0.3980364137984167,0.5657712982145903
4376,8932,151,151,True,0.2966606349564755,0.52606637148561
4377,8934,152,152,True,0.31216015861868546,0.38269552577662774
4378,8936,152,152,True,0.7674808418712342,0.7374284073457916
4379,8937,152,178,False,0.5106018584907839,0.4064306819483842
4380,8939,152,152,True,0.5399237811678165,0.649619984373092
4381,8940,152,152,True,0.5697062133427926,0.6082920531489707
4382,8942,152,154,False,0.2346396583171592,0.2586303367908225
4383,8945,152,154,False,0.4951445881877191,0.540803794284022
4384,8946,152,152,True,0.22782070334854285,0.30674550816517493
4385,8950,152,152,True,0.7714760275252551,0.8351753214605226
4386,8952,152,172,False,0.32051812517496825,0.42817892708889793
4387,8956,152,178,False,0.6700443275332638,0.680834042071995
4388,8959,152,152,True,0.4997150493799831,0.5257107921034692
4389,8960,152,152,True,0.9443695405042257,0.9588957339612264
4390,8965,152,152,True,0.551415833966149,0.5322252013491673
4391,8967,152,152,True,0.35112850710767,0.40845684363108414
4392,8968,152,152,True,0.16233702919861637,0.1437118446748012
4393,8969,152,152,True,0.11560713421778546,0.18690725110770187
4394,8971,152,152,True,0.7521898929390282,0.8053518122462409
4395,8973,152,152,True,0.5385151456353784,0.574223601685044
4396,8976,152,152,True,0.25757023341075136,0.262582342895993
4397,8978,152,152,True,0.44228609384807316,0.5321825930347106
4398,8979,152,178,False,0.32192936559914753,0.44358569001141196
4399,8980,152,153,False,0.21544433302015584,0.23324067555060427
4400,8981,152,152,True,0.28529324864187827,0.3090529773531281
4401,8984,152,153,False,0.6846924041652663,0.7097834578668265
4402,8986,152,166,False,0.5655359160407663,0.520861915386557
4403,8988,152,152,True,0.5712457382150853,0.5390846053788317
4404,8990,152,178,False,0.26320789569578273,0.2701869257204905
4405,8992,152,152,True,0.24324084840242835,0.22809617819068814
4406,8993,153,178,False,0.19085348774971578,0.17544714940131442
4407,8994,153,153,True,0.15994731157809286,0.1372346861154254
4408,8995,153,153,True,0.5566237699747291,0.6033325186336295
4409,8996,153,153,True,0.1260071630299821,0.11123007750280015
4410,8998,153,153,True,0.23826603764687848,0.20791669220307063
4411,8999,153,153,True,0.21053990588898291,0.20009980812513098
4412,9001,153,153,True,0.602248654642315,0.6413718458617651
4413,9003,153,153,True,0.48429861702349536,0.4511591296569561
4414,9004,153,153,True,0.39518867657184115,0.4220695247545944
4415,9007,153,153,True,0.3865083313046401,0.49703950422968
4416,9008,153,153,True,0.3580303737470999,0.35014972686465273
4417,9009,153,153,True,0.4394403283700376,0.4021290963737822
4418,9010,153,153,True,0.21681485109397958,0.18907753068987473
4419,9011,153,153,True,0.3387028969684266,0.3661534127512827
4420,9013,153,153,True,0.14909376459688575,0.13496830083238306
4421,9015,153,153,True,0.1505023047674394,0.15416244252402547
4422,9016,153,153,True,0.3963204247321033,0.5174413349242506
4423,9025,153,153,True,0.17799469886079183,0.1751754745588028
4424,9026,153,153,True,0.6732517334409336,0.669983495636535
4425,9033,153,153,True,0.5903791958766073,0.6277759286335858
4426,9034,153,153,True,0.3614573136283833,0.3160894333092336
4427,9038,153,152,False,0.2475354209230709,0.25231497462112895
4428,9044,153,153,True,0.23558937402486607,0.2130889198625172
4429,9045,153,153,True,0.39999949046842553,0.42261077693964255
4430,9046,153,153,True,0.4676354786149611,0.556183665534853
4431,9047,153,153,True,0.300929929036647,0.26505675475894386
4432,9048,153,153,True,0.19834737313541517,0.26857862374142283
4433,9049,153,153,True,0.3616822701181895,0.37520790953691513
4434,9050,153,177,False,0.41850465016497657,0.42697697694757913
4435,9052,153,153,True,0.06688448229572325,0.05829534500118419
4436,9053,154,154,True,0.7819301077425336,0.8215906948807027
4437,9054,154,154,True,0.49240614498556445,0.5271651318355506
4438,9056,154,154,True,0.5822618695241359,0.5948196063023706
4439,9057,154,154,True,0.9490313348501748,0.9673004218364315
4440,9061,154,153,False,0.17051986024762653,0.18925623456960058
4441,9064,154,154,True,0.6400897968987502,0.6338990386877974
4442,9066,154,154,True,0.8000893118603603,0.8288479795318721
4443,9069,154,154,True,0.6397133545757906,0.7090786386434226
4444,9071,154,154,True,0.35547082637214583,0.40263237115212996
4445,9072,154,154,True,0.31557032636202026,0.27648803319194976
4446,9073,154,151,False,0.4407397353412757,0.5780532138390064
4447,9075,154,152,False,0.46229164179676274,0.5200462611614276
4448,9077,154,154,True,0.3394376328485806,0.32981995456385704
4449,9079,154,102,False,0.3834078131139772,0.3540886481646481
4450,9081,154,151,False,0.5703345398604651,0.5735042789561837
4451,9082,154,154,True,0.16091417163186988,0.15782413824434016
4452,9084,154,154,True,0.2042102826914135,0.3048661259145172
4453,9085,154,154,True,0.4152714359597643,0.39109317171096847
4454,9088,154,38,False,0.4726489113056106,0.4753006662564107
4455,9095,154,154,True,0.7768595960203222,0.8472825993303689
4456,9096,154,154,True,0.10901945730643722,0.1410929680592736
4457,9097,154,153,False,0.21843303014043353,0.19641000067115905
4458,9098,154,154,True,0.23146066124177578,0.19345524371690118
4459,9099,154,154,True,0.1923344348206897,0.18364685938781056
4460,9102,154,154,True,0.3576604551664579,0.36891970848508565
4461,9103,154,154,True,0.7628603413225719,0.734828853896631
4462,9108,154,195,False,0.3141328273999092,0.3568285207582146
4463,9109,154,154,True,0.3650961190801493,0.40215470912952406
4464,9110,154,152,False,0.6068755733241517,0.5919980800416702
4465,9111,154,154,True,0.2507587084766871,0.2854666212361918
4466,9113,155,155,True,0.4669753207478392,0.4977428962371639
4467,9114,155,155,True,0.18835560274726112,0.14256600439427944
4468,9121,155,155,True,0.8159769526327693,0.81800844426571
4469,9124,155,155,True,0.36459498098789167,0.3578560030383627
4470,9127,155,155,True,0.7117770341242885,0.6636207286445062
4471,9128,155,173,False,0.2788500634643712,0.3230359268976217
4472,9130,155,155,True,0.8062602975238184,0.8183858255586544
4473,9131,155,155,True,0.7324004189913639,0.6628741128406058
4474,9132,155,155,True,0.5684090717223247,0.7240730403539277
4475,9133,155,155,True,0.5987935074616106,0.4369352045518969
4476,9135,155,155,True,0.7093946458911939,0.6868575014345369
4477,9136,155,155,True,0.6397011974051988,0.7026036957902276
4478,9137,155,155,True,0.46606928293915273,0.4821971223343875
4479,9139,155,155,True,0.5976480351546336,0.5459261933885438
4480,9140,155,160,False,0.3575615488152783,0.29663804058799653
4481,9141,155,172,False,0.5902372197587231,0.6516373577689103
4482,9147,155,155,True,0.7183786807967342,0.6836773672492322
4483,9148,155,42,False,0.7102197107849957,0.7887200471071161
4484,9149,155,155,True,0.49766825405826176,0.5109959925024664
4485,9151,155,155,True,0.7930429619107425,0.8059972998786136
4486,9152,155,155,True,0.6715630187336968,0.7504290145889299
4487,9153,155,155,True,0.659246697879967,0.6601402773659291
4488,9155,155,155,True,0.9316578854000624,0.9469110297617667
4489,9159,155,155,True,0.6906390923751485,0.6409448234300263
4490,9165,155,155,True,0.6512841199807199,0.6414827097407453
4491,9168,155,155,True,0.8227522815064824,0.8689998448021561
4492,9169,155,155,True,0.717946448083126,0.7264485756375442
4493,9170,155,42,False,0.8584884087554134,0.8816323124904656
4494,9171,155,165,False,0.4289890511898285,0.5906375033663996
4495,9172,155,42,False,0.5108041342110401,0.6110667291091793
4496,9173,156,156,True,0.7407497940040467,0.593503467001903
4497,9174,156,156,True,0.34906907159161343,0.26777680359636025
4498,9175,156,156,True,0.551683278487717,0.4213334242193184
4499,9176,156,174,False,0.5844225623201915,0.3994849734585916
4500,9177,156,156,True,0.5288128477219489,0.44049603089990513
4501,9179,156,156,True,0.9123011362158768,0.8973627300534653
4502,9180,156,155,False,0.5056331923210764,0.4920477329275067
4503,9181,156,156,True,0.7489756253065579,0.8136393915784441
4504,9182,156,156,True,0.25316738532016686,0.23798377304490992
4505,9183,156,167,False,0.27979861050129773,0.3591750509501965
4506,9186,156,155,False,0.6356538001540765,0.5230873246753246
4507,9187,156,174,False,0.8983237257462783,0.7364066980182087
4508,9188,156,156,True,0.17043808809487462,0.1283461410631345
4509,9194,156,156,True,0.8550861278157168,0.5723409727864999
4510,9195,156,152,False,0.7488830023289407,0.7407611108506176
4511,9196,156,156,True,0.6180172442393557,0.6386217437902513
4512,9198,156,156,True,0.7797703629059787,0.6258529345732929
4513,9201,156,160,False,0.5458863587294315,0.5994147447231323
4514,9205,156,156,True,0.7902121401857526,0.5745327678375916
4515,9208,156,156,True,0.7907276131654982,0.6447185189884544
4516,9213,156,156,True,0.7382152193975714,0.6692369237224505
4517,9215,156,178,False,0.4277577349744558,0.4848730428158645
4518,9216,156,153,False,0.574786708445352,0.7050352694563091
4519,9217,156,172,False,0.67626000311364,0.6364592213697071
4520,9219,156,156,True,0.888261207071354,0.8366811124334175
4521,9222,156,156,True,0.869904136810842,0.8362445826494391
4522,9229,156,167,False,0.36268654849872267,0.3870213334667491
4523,9230,156,46,False,0.8951813660343182,0.8001692770998956
4524,9231,156,156,True,0.3557002016005092,0.34930764810122594
4525,9233,157,157,True,0.46861599385962294,0.45450103927055624
4526,9238,157,157,True,0.6527432686990343,0.6077828642154709
4527,9239,157,157,True,0.4108040650362369,0.4188783952788179
4528,9240,157,157,True,0.6233954889256829,0.5899551265490051
4529,9243,157,157,True,0.2708407019410734,0.3692845637155345
4530,9245,157,157,True,0.49219590692523424,0.46661221692366417
4531,9246,157,157,True,0.6031518968253777,0.5701013382397019
4532,9248,157,157,True,0.4705001830279654,0.49572408844059024
4533,9249,157,157,True,0.21291759847560313,0.27072971052069716
4534,9250,157,157,True,0.6947052630382332,0.6453549740022291
4535,9252,157,163,False,0.7196612482450218,0.6423478226090137
4536,9254,157,157,True,0.9685441091067634,0.9493421820470623
4537,9257,157,157,True,0.3983669471919793,0.40764663781485166
4538,9258,157,178,False,0.13899622250110025,0.19845173694681092
4539,9259,157,157,True,0.9837756212954897,0.9830982139111496
4540,9260,157,157,True,0.8874989939422625,0.8541416185109538
4541,9262,157,157,True,0.8220257875487793,0.7774325064917722
4542,9264,157,157,True,0.5484279235333657,0.568759165141671
4543,9266,157,157,True,0.5206355237192046,0.426639271112027
4544,9267,157,157,True,0.8738288570250607,0.8727829089464076
4545,9268,157,157,True,0.4377765052519704,0.49195699697120765
4546,9270,157,157,True,0.5258192616089329,0.49738596841852983
4547,9272,157,157,True,0.18811411835698133,0.24040066602043783
4548,9276,157,157,True,0.7898799844819802,0.7414078345694056
4549,9278,157,157,True,0.5697330232329509,0.6312221087273584
4550,9279,157,157,True,0.8180779949470075,0.8257798016044814
4551,9280,157,157,True,0.7510850533714677,0.728634735562702
4552,9282,157,157,True,0.499602455970978,0.3419887100526673
4553,9285,157,157,True,0.1229077109414556,0.15216072057128144
4554,9289,157,157,True,0.8451381276211061,0.7015997627619104
4555,9294,158,158,True,0.7531442468741846,0.5147991840971875
4556,9296,158,158,True,0.8276702173528704,0.7306116059950696
4557,9297,158,158,True,0.6528971849781376,0.36467460848571526
4558,9298,158,158,True,0.3001248769700479,0.20715948712464252
4559,9301,158,158,True,0.7938478129662855,0.648390591751409
4560,9303,158,158,True,0.610324800052988,0.4462848395650599
4561,9306,158,158,True,0.755659497010403,0.4692678727369619
4562,9309,158,158,True,0.6583464233855714,0.4276187147112746
4563,9310,158,158,True,0.5170983588954552,0.4117611863387618
4564,9312,158,158,True,0.8683195273833071,0.535988996889723
4565,9316,158,158,True,0.8919484495605332,0.8231016695576524
4566,9319,158,158,True,0.7622816961279834,0.5642327814427966
4567,9320,158,158,True,0.7822356534656268,0.6611464572331256
4568,9321,158,158,True,0.9231151348531299,0.8351714607585429
4569,9323,158,158,True,0.854918914706396,0.7571892339710617
4570,9325,158,158,True,0.789337135693255,0.6849203366154837
4571,9327,158,158,True,0.7556416236389699,0.6506459746050869
4572,9329,158,158,True,0.9371529934296954,0.8487959323790357
4573,9330,158,158,True,0.5219833338394287,0.19971122170695596
4574,9333,158,158,True,0.7173577019498147,0.5124968547091938
4575,9334,158,158,True,0.9320674391434925,0.9161123287126004
4576,9338,158,158,True,0.7976844296986265,0.6272550339988238
4577,9339,158,158,True,0.33763250459577454,0.29229155902172677
4578,9341,158,158,True,0.6443287420883754,0.6498395116718708
4579,9343,158,158,True,0.36201409988069694,0.2228991341836868
4580,9344,158,158,True,0.8939675148867057,0.7591253932157045
4581,9346,158,158,True,0.6576855495050722,0.48387912138198735
4582,9347,158,158,True,0.7653981793965896,0.6177117581648071
4583,9348,158,158,True,0.34476846828662217,0.21357320023237444
4584,9349,158,158,True,0.8654166165072367,0.8285556965338169
4585,9352,159,159,True,0.8542688683656883,0.8356292857727576
4586,9353,159,159,True,0.8924280899571353,0.8594634007912859
4587,9355,159,159,True,0.7429005055940896,0.7032454212989705
4588,9356,159,159,True,0.8049870713620619,0.7846699938370909
4589,9362,159,159,True,0.8342514853471314,0.697823856047441
4590,9363,159,159,True,0.7916708628805246,0.7068058224267184
4591,9366,159,159,True,0.9628481353472574,0.9898773118161759
4592,9368,159,159,True,0.8654069924992348,0.8050183770229256
4593,9370,159,159,True,0.6108319812403971,0.5189708176295108
4594,9375,159,159,True,0.8119566499897859,0.6717977664350102
4595,9377,159,159,True,0.6991095955975417,0.6861861880298221
4596,9378,159,159,True,0.8706428689404857,0.6695688051771003
4597,9379,159,159,True,0.966353272030819,0.9695975778146708
4598,9380,159,159,True,0.7214782276575956,0.7215896344091819
4599,9383,159,159,True,0.7679435679705735,0.6411746726550888
4600,9384,159,159,True,0.9854466171045437,0.9587256171517954
4601,9385,159,159,True,0.6616325892126247,0.44999169429964053
4602,9389,159,159,True,0.8377746528342653,0.7376933518832404
4603,9390,159,159,True,0.8112873073622752,0.8774784492782949
4604,9392,159,159,True,0.813849583906846,0.7195339016848428
4605,9395,159,159,True,0.6195546749425215,0.6697849256428305
4606,9396,159,159,True,0.9001710881405207,0.8807316740810192
4607,9397,159,159,True,0.5319214062896565,0.5649169690524092
4608,9398,159,159,True,0.7050143636535537,0.6503617759156846
4609,9399,159,159,True,0.5880024032701142,0.5745970556698156
4610,9401,159,159,True,0.9721787541291483,0.9007551198989906
4611,9403,159,159,True,0.5444914372646597,0.5508272568742867
4612,9407,159,159,True,0.6577406417616216,0.7844203119779147
4613,9410,159,38,False,0.5627931589209615,0.6029082917126078
4614,9412,160,160,True,0.4993870943480707,0.27900521819987395
4615,9413,160,166,False,0.22460120541531348,0.1784351925000659
4616,9416,160,160,True,0.5614881294333094,0.47290043652652014
4617,9418,160,155,False,0.14712918358690624,0.14500637230837563
4618,9419,160,160,True,0.35481960657551914,0.25149947161065317
4619,9420,160,181,False,0.14781251607272647,0.08116364762562833
4620,9422,160,160,True,0.27569942957872934,0.13445125656033619
4621,9426,160,160,True,0.41916137319725955,0.2216815117238389
4622,9428,160,160,True,0.7751890115246536,0.4020957981356207
4623,9431,160,160,True,0.33281713912490035,0.2984314391388947
4624,9433,160,160,True,0.6364500733205757,0.5948660157740584
4625,9435,160,160,True,0.5180838207984217,0.33288604063094623
4626,9436,160,160,True,0.4893578198787857,0.2903700327132505
4627,9439,160,160,True,0.9132815510496395,0.8284309457506185
4628,9440,160,160,True,0.44950507193774714,0.3257302350560441
4629,9443,160,160,True,0.1681379878454219,0.08361865605906406
4630,9448,160,160,True,0.07712013077462056,0.03284092010375098
4631,9449,160,160,True,0.36003238709723756,0.05785771116415149
4632,9451,160,160,True,0.27241273035628477,0.23560632568522175
4633,9452,160,160,True,0.9128097082293966,0.7505104000787082
4634,9453,160,166,False,0.15569954564379196,0.05748130458763598
4635,9455,160,160,True,0.6089565062670138,0.5082653225045461
4636,9456,160,160,True,0.4244610561404697,0.2847743473281468
4637,9457,160,160,True,0.14863540021342472,0.09702093660210785
4638,9459,160,160,True,0.3795253354522648,0.30214004502662223
4639,9462,160,160,True,0.3185886611943036,0.1779989021337409
4640,9463,160,160,True,0.5308491834878433,0.3480225548646711
4641,9466,160,176,False,0.16440791244687328,0.1120149723753498
4642,9467,160,160,True,0.7481421710348852,0.6737468110046196
4643,9470,160,160,True,0.2696574848081623,0.14569518928720146
4644,9471,161,161,True,0.5685135226869881,0.6470738584495275
4645,9472,161,161,True,0.7574418997447913,0.6745509642925128
4646,9473,161,161,True,0.6044732642087717,0.5995319882108422
4647,9475,161,161,True,0.6565040182184328,0.6859458311696214
4648,9476,161,161,True,0.7686540558596462,0.7599050493713614
4649,9479,161,176,False,0.8220071450780773,0.6575932491262352
4650,9482,161,161,True,0.7776850987766747,0.7127170056591606
4651,9486,161,161,True,0.9807402085521469,0.9786933558539755
4652,9487,161,153,False,0.870707331006277,0.8643335841898474
4653,9489,161,171,False,0.5906620662930029,0.5759165118415673
4654,9490,161,160,False,0.19593758977372014,0.12489210581762683
4655,9492,161,161,True,0.7170294125185952,0.7255386813024756
4656,9493,161,161,True,0.6005303691091923,0.6108015762871251
4657,9494,161,171,False,0.49847539619712017,0.33758335544242235
4658,9495,161,161,True,0.8162044915115473,0.7852766328811149
4659,9498,161,175,False,0.36003992282728636,0.30870282727843057
4660,9500,161,161,True,0.8019840806481863,0.7666436042023685
4661,9504,161,161,True,0.6747338410086466,0.53027832855245
4662,9505,161,161,True,0.8403168963061096,0.8303307409357237
4663,9507,161,161,True,0.6038403230099633,0.4751696635422452
4664,9509,161,161,True,0.7550743847622371,0.6721102523070914
4665,9510,161,161,True,0.6610917753598701,0.46217924448556247
4666,9514,161,161,True,0.8729092005136946,0.8614166647714133
4667,9518,161,161,True,0.6955087629817595,0.5959870341663068
4668,9520,161,171,False,0.8055130018306289,0.7717006093637793
4669,9523,161,161,True,0.8602788310863482,0.7976300217479818
4670,9524,161,161,True,0.9498979356529557,0.9525707975798843
4671,9527,161,171,False,0.4205610267379337,0.34768912647064204
4672,9528,161,161,True,0.7098606695929598,0.6401326486527694
4673,9529,161,161,True,0.8807568857479028,0.8191336867466167
4674,9533,162,162,True,0.5932598544749375,0.4411307156205126
4675,9534,162,162,True,0.6978991750741227,0.6737454313070383
4676,9535,162,162,True,0.9341831150371686,0.9474582031024986
4677,9537,162,162,True,0.2918218781338501,0.4067834036424946
4678,9539,162,162,True,0.8780766843711328,0.7775273447525755
4679,9541,162,162,True,0.5384800269835167,0.3409669215583904
4680,9542,162,162,True,0.8823401166433054,0.7729671460896755
4681,9547,162,162,True,0.851766951776071,0.8159826351041025
4682,9548,162,178,False,0.050284350498038796,0.11923687607637734
4683,9549,162,162,True,0.14609623640497083,0.13411237032514936
4684,9550,162,162,True,0.30301943258848374,0.18139423229562987
4685,9552,162,162,True,0.8727185374666375,0.7878113385397356
4686,9554,162,162,True,0.4827249128796506,0.4523815236797598
4687,9555,162,162,True,0.9449682851098942,0.9472446590291856
4688,9556,162,181,False,0.9612815155145179,0.951110429078725
4689,9558,162,162,True,0.9543190951997058,0.939681149027386
4690,9560,162,162,True,0.561698189778778,0.3443543362908952
4691,9561,162,162,True,0.2913447225688172,0.24751803071924428
4692,9564,162,162,True,0.4161770690737891,0.39624040565509455
4693,9566,162,162,True,0.9724296108533084,0.9358025133082927
4694,9567,162,162,True,0.9145300835713376,0.9194284410279999
4695,9569,162,162,True,0.9318834763230162,0.9260290919976027
4696,9571,162,162,True,0.9814736138421893,0.9480626117583585
4697,9573,162,162,True,0.8957117570568499,0.827408367285372
4698,9577,162,162,True,0.8264463618191179,0.7456839263677572
4699,9580,162,162,True,0.9756917892023955,0.9743738344459844
4700,9584,162,162,True,0.9849749760637241,0.8999017160769827
4701,9586,162,162,True,0.4572128147250487,0.38518026546801143
4702,9587,162,162,True,0.7518214274952412,0.7593538526990748
4703,9588,162,162,True,0.7189104101073097,0.7149578099995846
4704,9591,163,163,True,0.60121685819513,0.5314571080252637
4705,9593,163,163,True,0.7170896456114761,0.7336317538472187
4706,9595,163,163,True,0.6590753348251843,0.6523367836245398
4707,9597,163,163,True,0.8856009530535294,0.8900604385745059
4708,9598,163,163,True,0.941315101381405,0.9283187065016021
4709,9599,163,163,True,0.6939273973226204,0.616233091298329
4710,9600,163,163,True,0.927818996269422,0.8847132107886579
4711,9602,163,163,True,0.8122226876844731,0.8072789247938268
4712,9604,163,163,True,0.6573775331373675,0.5491823433910297
4713,9606,163,163,True,0.739223656496622,0.6378422687228803
4714,9610,163,163,True,0.727073964665285,0.6894617704462459
4715,9611,163,163,True,0.8502866510430787,0.8571008938318793
4716,9613,163,163,True,0.8072475048907977,0.7856114184127302
4717,9614,163,163,True,0.8476047761762046,0.8016639972955809
4718,9615,163,163,True,0.8653277251270675,0.8266950580679051
4719,9618,163,163,True,0.919047195449638,0.9219880963471199
4720,9619,163,163,True,0.9956371963013567,0.9782738000320705
4721,9623,163,163,True,0.7146749112924573,0.6754317906043842
4722,9628,163,163,True,0.5202341271826317,0.5365803831527273
4723,9631,163,163,True,0.7968614423349542,0.636035250418172
4724,9633,163,163,True,0.9232239750220382,0.8333475610036727
4725,9634,163,163,True,0.7204626410042293,0.6388256663574591
4726,9636,163,163,True,0.606445028351198,0.6074307953515244
4727,9637,163,163,True,0.9730811423414262,0.9190064803848361
4728,9640,163,163,True,0.4677225192899886,0.4014875134126085
4729,9641,163,159,False,0.4875652925961781,0.3864254961755123
4730,9643,163,163,True,0.7283088694300435,0.40965874315038714
4731,9645,163,163,True,0.582427898638998,0.34835394495498373
4732,9648,163,163,True,0.8127688143491018,0.750999104685856
4733,9649,163,163,True,0.9186994902823943,0.822890920398513
4734,9652,164,164,True,0.20940856891822127,0.2568957508583787
4735,9654,164,164,True,0.7133025834895426,0.7521084284636925
4736,9655,164,164,True,0.39272759272938734,0.5062291185542852
4737,9658,164,164,True,0.28459068046547653,0.3461455668060095
4738,9659,164,164,True,0.4135660033141734,0.5505240250788136
4739,9661,164,164,True,0.3334738897898208,0.4452134790803923
4740,9662,164,164,True,0.4637703971136706,0.5568237505509828
4741,9663,164,164,True,0.2617226805991851,0.3897591161990298
4742,9667,164,164,True,0.2728673317978384,0.3541759283474187
4743,9668,164,164,True,0.1677868593446794,0.18977077337461387
4744,9669,164,164,True,0.39608666934734515,0.3638341500542247
4745,9673,164,164,True,0.5498862696016836,0.7951848624792971
4746,9676,164,178,False,0.25915169977264696,0.21660321254777223
4747,9678,164,164,True,0.24499844068001453,0.33501449268949723
4748,9683,164,164,True,0.140739538823944,0.15678748963934097
4749,9684,164,164,True,0.6723489498125733,0.6738864669168797
4750,9686,164,164,True,0.519459122084414,0.6581859205988145
4751,9687,164,164,True,0.5533462909305771,0.5576557234093096
4752,9688,164,164,True,0.3826937743828986,0.5103875617099437
4753,9689,164,164,True,0.8066398279624053,0.8684028401067727
4754,9690,164,164,True,0.31848272626363183,0.4003442819827418
4755,9692,164,164,True,0.5400864731935356,0.7663304811450836
4756,9696,164,164,True,0.8127344699428614,0.8288790354010822
4757,9697,164,164,True,0.25588896483301915,0.2839939156430479
4758,9698,164,164,True,0.12779486593468536,0.1747147286975511
4759,9699,164,164,True,0.5283289634739876,0.6643285530141684
4760,9702,164,164,True,0.8111949838086026,0.9279395542326796
4761,9705,164,151,False,0.2636054198236234,0.4039920337343244
4762,9706,164,164,True,0.4658581629027602,0.5241508308391262
4763,9708,164,37,False,0.08791157249385999,0.08146943355149569
4764,9711,165,170,False,0.7266466748483598,0.7663720644730886
4765,9714,165,165,True,0.5274739131053797,0.5581702738068646
4766,9716,165,165,True,0.8672726354552941,0.900829488593537
4767,9717,165,165,True,0.8002449261891309,0.7069870873816448
4768,9718,165,165,True,0.6233761105263482,0.5508342009924004
4769,9720,165,170,False,0.8829949095343034,0.8823869951041008
4770,9722,165,165,True,0.93228454917187,0.7960060108747895
4771,9727,165,165,True,0.3650341809873812,0.5138989771091382
4772,9728,165,165,True,0.5592445050949401,0.5578805885114615
4773,9730,165,165,True,0.6226266320117079,0.5139550126859656
4774,9732,165,165,True,0.7413348168943316,0.8449281019903944
4775,9733,165,165,True,0.4895236972997825,0.44780589151562306
4776,9737,165,165,True,0.7405060564291381,0.7804742192614659
4777,9738,165,165,True,0.5345103127029182,0.5527166359690948
4778,9739,165,165,True,0.6616991221613413,0.5901970014521672
4779,9742,165,165,True,0.4646734884667351,0.39844455820706964
4780,9743,165,165,True,0.3801018701154378,0.4877607673634342
4781,9744,165,165,True,0.6761370102657113,0.5838316383883139
4782,9752,165,165,True,0.8448171225814903,0.8822148236502835
4783,9754,165,165,True,0.5350789776926823,0.5428668456704073
4784,9755,165,165,True,0.37460619238652065,0.33995608857674736
4785,9756,165,165,True,0.8187565138204862,0.8249012972715799
4786,9758,165,165,True,0.7234214734846275,0.7612436575660653
4787,9759,165,165,True,0.6359154772885763,0.5998544012653418
4788,9761,165,165,True,0.7561812447982422,0.663338865098647
4789,9763,165,165,True,0.6722038622195653,0.7765665862572804
4790,9766,165,165,True,0.8616785805164227,0.820016037422776
4791,9767,165,160,False,0.7282027667032592,0.7564031309301844
4792,9768,165,160,False,0.5955159423576006,0.5063077908391587
4793,9771,166,166,True,0.7641125236850607,0.7859809513845849
4794,9772,166,166,True,0.7240462287820506,0.5863069579904813
4795,9773,166,166,True,0.8488453476107682,0.77431709340291
4796,9775,166,166,True,0.8711751386073247,0.8140953186159313
4797,9776,166,166,True,0.8653715779903574,0.7632045519114011
4798,9777,166,166,True,0.6854939790968134,0.6887043174292189
4799,9778,166,181,False,0.741200429996489,0.6433156475442514
4800,9782,166,166,True,0.6558261360987427,0.5689144645252824
4801,9785,166,166,True,0.6839884217856684,0.5769390896282077
4802,9787,166,166,True,0.7934425435537019,0.6437873544997712
4803,9789,166,172,False,0.7786135898999659,0.6576607220857484
4804,9790,166,166,True,0.6633645101927782,0.755071209154054
4805,9791,166,166,True,0.6445034977657825,0.7153579213498968
4806,9795,166,166,True,0.6669863254223396,0.5737614284089829
4807,9796,166,165,False,0.9207693663046391,0.9044925120186234
4808,9798,166,166,True,0.7504778736987764,0.8134534465252581
4809,9800,166,166,True,0.8817557264967775,0.8671686266162931
4810,9802,166,166,True,0.6167910756336363,0.5725898975568346
4811,9803,166,166,True,0.7446212740216819,0.6038462540747987
4812,9805,166,179,False,0.6522717093777428,0.6062766350827785
4813,9807,166,95,False,0.7871279556342791,0.7393856567777549
4814,9809,166,169,False,0.6072095351751383,0.5098935323693057
4815,9813,166,152,False,0.40457156906193714,0.38301297316212196
4816,9816,166,166,True,0.7986980345970977,0.666921095234127
4817,9817,166,166,True,0.8059193510452474,0.6890997266713795
4818,9818,166,166,True,0.9445165981457179,0.957792135063892
4819,9819,166,166,True,0.799753016293335,0.6538903222135115
4820,9820,166,169,False,0.2673694103493875,0.33214530542602805
4821,9821,166,166,True,0.5120737633202025,0.434292625918104
4822,9823,166,166,True,0.8777906349506405,0.8701347378209647
4823,9830,167,167,True,0.9597783203892732,0.9770933015811649
4824,9832,167,167,True,0.7882682118270744,0.9092403376780783
4825,9835,167,167,True,0.6827514577938973,0.8152641077277292
4826,9836,167,167,True,0.7910317903989473,0.8319289741153099
4827,9837,167,160,False,0.19564445535737535,0.3126633373487869
4828,9838,167,167,True,0.5211836188404654,0.525249925595601
4829,9842,167,167,True,0.8143887206562546,0.9085635646780305
4830,9843,167,167,True,0.601293959183206,0.7379012266505784
4831,9845,167,167,True,0.8813351561748358,0.8800887802577405
4832,9847,167,167,True,0.7114628482431384,0.8275050487665813
4833,9848,167,167,True,0.945654138912353,0.9715619912793632
4834,9849,167,167,True,0.7292491547429096,0.8713298837646408
4835,9851,167,167,True,0.9290981548120618,0.9485594658079316
4836,9854,167,167,True,0.8145604596466287,0.8420609647487837
4837,9856,167,167,True,0.6549182272527041,0.8234787363098787
4838,9860,167,167,True,0.6818750204474604,0.7786004072157725
4839,9863,167,167,True,0.48300006302339227,0.5947341002857796
4840,9865,167,167,True,0.9422182238055536,0.9531011793847403
4841,9866,167,167,True,0.8664103961799271,0.9342795043657749
4842,9868,167,167,True,0.8707299292716216,0.9030706432831407
4843,9870,167,168,False,0.9372362990860483,0.9824871303384097
4844,9872,167,167,True,0.9646076884088303,0.9870314765238152
4845,9873,167,166,False,0.8589624516148369,0.8439662612636157
4846,9876,167,167,True,0.9870567523158283,0.9945244231200678
4847,9877,167,167,True,0.7658138869092755,0.8040704485419626
4848,9879,167,175,False,0.5901393047972927,0.6272720666415504
4849,9883,167,167,True,0.6125686669519781,0.7579776764225865
4850,9885,167,150,False,0.9651432872102259,0.9715373771694813
4851,9887,167,167,True,0.9999999999999999,0.9999999999999998
4852,9889,168,168,True,0.8055187095629929,0.8457062449615025
4853,9891,168,168,True,0.9740164982117567,0.9485940924502119
4854,9892,168,168,True,0.957126765059657,0.83640496057874
4855,9894,168,168,True,0.8672788520005056,0.912775181813059
4856,9897,168,160,False,0.9614877630114314,0.9475948400845542
4857,9900,168,168,True,0.9227321927523657,0.9032010689440033
4858,9903,168,168,True,0.9748766764365283,0.9458467905634861
4859,9904,168,168,True,0.9708173066239281,0.9713342054586989
4860,9905,168,168,True,0.8147904909233733,0.8575306090515724
4861,9907,168,168,True,0.8159525342594312,0.7796496785503537
4862,9908,168,168,True,0.8514690783504696,0.8361323769545469
4863,9911,168,168,True,0.7335407185545253,0.7234739043476195
4864,9913,168,168,True,0.960556610128402,0.9666345628455627
4865,9914,168,168,True,0.9349649747146339,0.9299975553452731
4866,9915,168,168,True,0.7728496693299762,0.7570736551865409
4867,9917,168,168,True,0.7338822520550621,0.7563182157671208
4868,9918,168,168,True,0.7364229627551703,0.6831264792844414
4869,9919,168,168,True,0.9626692364884939,0.9790035031899762
4870,9920,168,168,True,0.7564129611056919,0.7967141189858726
4871,9921,168,168,True,0.7249734516806663,0.7388884723221787
4872,9922,168,168,True,0.8535979041467368,0.7446969981540509
4873,9925,168,168,True,0.8457055768464048,0.8351240141481161
4874,9927,168,168,True,0.9259565774818157,0.9257941052554812
4875,9931,168,168,True,0.7946163877218755,0.9055832441144548
4876,9932,168,168,True,0.8454629747096103,0.8776865252317455
4877,9934,168,168,True,0.83329281702918,0.7858925674548117
4878,9942,168,168,True,0.9756910915870087,0.9830682067594586
4879,9943,168,168,True,0.9259729070741952,0.9207246674036209
4880,9945,168,168,True,0.6036951544068073,0.6887298027699685
4881,9949,169,171,False,0.4409139884985165,0.5401790142355903
4882,9952,169,169,True,0.4288503206263485,0.5862115019051888
4883,9957,169,169,True,0.4333392812769413,0.4213887498561243
4884,9958,169,169,True,0.877623067800998,0.9182775193234874
4885,9959,169,169,True,0.44316574656929697,0.41438176810726335
4886,9961,169,169,True,0.7868433920064503,0.8581376891853641
4887,9971,169,169,True,0.8143882085561708,0.8877128324890279
4888,9972,169,169,True,0.39375466402908327,0.5726921550868342
4889,9976,169,169,True,0.5996380878526075,0.6575662599864581
4890,9978,169,171,False,0.6606732702886866,0.6484470928629131
4891,9980,169,169,True,0.5834843950423794,0.4865453798414323
4892,9981,169,169,True,0.814103156614934,0.7395171709153399
4893,9982,169,42,False,0.39399167435678756,0.421637371684333
4894,9983,169,169,True,0.5353029079108979,0.5256700699438083
4895,9984,169,169,True,0.856140923925279,0.8947679666599724
4896,9985,169,169,True,0.36454420800633514,0.48311714410165896
4897,9986,169,172,False,0.4673562933111727,0.4502035340436221
4898,9987,169,169,True,0.9448190560649949,0.9577033186638573
4899,9989,169,172,False,0.8457220666134201,0.8830693343527596
4900,9990,169,169,True,0.7192332793282543,0.7205073452389312
4901,9991,169,169,True,0.698436156354377,0.6785756728934278
4902,9992,169,169,True,0.5404682056835101,0.49136944228059004
4903,9993,169,169,True,0.4400666244737726,0.46961582818565983
4904,9996,169,169,True,0.37149346604896155,0.388945748607529
4905,9997,169,169,True,0.9631260197827323,0.966456008425006
4906,9998,169,169,True,0.7305869229341767,0.8248378639708396
4907,9999,169,169,True,0.7839748490817112,0.7724142895230305
4908,10000,169,169,True,0.39113474336393833,0.3617470444211575
4909,10006,169,169,True,0.874716145779215,0.9235731049441074
4910,10007,169,169,True,0.6770005425459272,0.8132507273279496
4911,10010,170,170,True,0.8719524318282943,0.876506306764582
4912,10011,170,173,False,0.9557500160166729,0.9583665804121532
4913,10017,170,170,True,0.8803991019188068,0.8801777029529453
4914,10021,170,173,False,0.8218054651757727,0.7995480327576711
4915,10022,170,168,False,0.9709101728776777,0.9511797639703922
4916,10024,170,170,True,0.7163188087214457,0.8504922082122136
4917,10028,170,170,True,0.8862492214672224,0.9110398513271752
4918,10029,170,170,True,0.955555226630416,0.9608588286310821
4919,10030,170,170,True,0.9361636122985545,0.9253062499860232
4920,10031,170,170,True,0.8183700344473974,0.7438894256056457
4921,10032,170,170,True,0.701534185852504,0.8983039624555604
4922,10033,170,170,True,0.9501808106312802,0.9497361279308764
4923,10035,170,170,True,0.9436635009032397,0.9529701466134843
4924,10037,170,170,True,0.87750551411155,0.8798693714111949
4925,10039,170,170,True,0.9621627365967459,0.9434798300594723
4926,10041,170,170,True,0.8757714399901115,0.7767502752517076
4927,10042,170,170,True,0.9882639882699721,0.9847827441480562
4928,10044,170,170,True,0.8727502614754292,0.8531978288829709
4929,10047,170,170,True,0.7510437219033436,0.8315592101052783
4930,10048,170,170,True,0.5769060122501575,0.7919503744882936
4931,10052,170,170,True,0.9727532880330382,0.9868354333433588
4932,10054,170,170,True,0.907936236420696,0.9729701001527459
4933,10055,170,170,True,0.9147602191355926,0.983953522488953
4934,10056,170,167,False,0.9721008402757443,0.943854644230318
4935,10057,170,170,True,0.4675706907652036,0.6540226334219174
4936,10058,170,170,True,0.44100521349701904,0.30298127213397363
4937,10059,170,170,True,0.9309840651198178,0.9262383003309657
4938,10062,170,170,True,0.9673961532617356,0.9820405517240516
4939,10064,170,162,False,0.8183148051165471,0.7886063898140321
4940,10065,170,170,True,0.9037722579771507,0.9293312502894533
4941,10068,171,169,False,0.5712482502141871,0.42288094246944863
4942,10069,171,171,True,0.7245105108757661,0.5256820700078947
4943,10070,171,169,False,0.35228341116750594,0.24668979823107282
4944,10077,171,171,True,0.714103836620624,0.7080679668475717
4945,10079,171,171,True,0.6849546741034336,0.48632029822317463
4946,10080,171,171,True,0.5393318514812827,0.4315561215885128
4947,10081,171,171,True,0.5423430951866769,0.47439795051012307
4948,10082,171,171,True,0.5835547585329203,0.5391347304230741
4949,10084,171,154,False,0.7147529542484558,0.48550951223145167
4950,10088,171,171,True,0.5682911408665884,0.39023792031992255
4951,10089,171,171,True,0.3321494665422357,0.2689210619627823
4952,10090,171,171,True,0.6286286159333299,0.423280755477296
4953,10091,171,169,False,0.45845809817994415,0.43954747703734776
4954,10092,171,171,True,0.5785571162275679,0.5391363920271253
4955,10093,171,171,True,0.9102589486996584,0.922179692689237
4956,10094,171,171,True,0.41321974411142837,0.2771445619261695
4957,10095,171,171,True,0.8127529406318161,0.6183435696896573
4958,10096,171,171,True,0.5594378895284454,0.49115424114343853
4959,10098,171,171,True,0.8570014964460899,0.6843169790603226
4960,10100,171,171,True,0.32317816649468395,0.21507331861666767
4961,10105,171,169,False,0.974456622231157,0.951362860053617
4962,10109,171,171,True,0.28003616949087884,0.2368449765373812
4963,10110,171,171,True,0.6714850001596027,0.6184601009973099
4964,10112,171,171,True,0.7526521609921256,0.6831723715146789
4965,10115,171,172,False,0.893117277646744,0.5817083319704606
4966,10116,171,171,True,0.9695830428616827,0.9703528091999469
4967,10118,171,171,True,0.8429147742966504,0.6212609968610435
4968,10121,171,171,True,0.9006494533741535,0.7763772509427507
4969,10122,171,171,True,0.7478092753546175,0.6415223269248517
4970,10127,171,171,True,0.6432029568558606,0.45531231256826954
4971,10130,172,38,False,0.43063538641233584,0.3684546699784672
4972,10131,172,172,True,0.9287277202450563,0.7868909448344465
4973,10133,172,181,False,0.63010913424779,0.4318988065074555
4974,10135,172,178,False,0.5537489618162464,0.2785828255356209
4975,10136,172,172,True,0.275415040032921,0.25789517010388585
4976,10137,172,172,True,0.7034402701978628,0.7285456620859034
4977,10138,172,172,True,0.25901127564104565,0.11701160030496222
4978,10139,172,178,False,0.5099679702773474,0.5721637982462074
4979,10141,172,172,True,0.6157837501392104,0.505834898317962
4980,10142,172,172,True,0.1520292615032583,0.08594659239003681
4981,10145,172,172,True,0.11984461466618482,0.05835956635663547
4982,10147,172,172,True,0.2697266897530741,0.14555132775047078
4983,10150,172,172,True,0.2895296299691745,0.17381307119826445
4984,10151,172,172,True,0.4682771827661747,0.23221183796026582
4985,10154,172,172,True,0.7421684174158055,0.5224686133932435
4986,10161,172,178,False,0.26188951651240716,0.12849223707623506
4987,10163,172,172,True,0.3809600259574951,0.2647184731437302
4988,10164,172,172,True,0.6102200935079543,0.5330850090720197
4989,10167,172,172,True,0.49924302104196183,0.2748269031212645
4990,10172,172,172,True,0.18333630936291667,0.1861669374589502
4991,10173,172,172,True,0.30327287288236177,0.33735723973561277
4992,10174,172,178,False,0.7900598062232858,0.6726843546928389
4993,10175,172,172,True,0.8847176704913814,0.8259665805650502
4994,10176,172,178,False,0.8275524055969611,0.8824793153652212
4995,10177,172,42,False,0.20597301078147964,0.09772613288399964
4996,10178,172,172,True,0.603148628924555,0.607640141265292
4997,10181,172,172,True,0.24763653607316707,0.23832696605678647
4998,10182,172,172,True,0.6721077599217942,0.36645486875432787
4999,10185,172,178,False,0.2542440552468963,0.12139336737056317
5000,10187,172,172,True,0.4444655180665985,0.17903183242245382
5001,10188,173,120,False,0.6474045063385424,0.7331707710315475
5002,10192,173,116,False,0.5491250403509522,0.5935998141202354
5003,10193,173,173,True,0.2674654374126763,0.2792455056398487
5004,10195,173,173,True,0.9084461335723041,0.8954696845935038
5005,10196,173,175,False,0.5714848612719935,0.43638240442060583
5006,10198,173,173,True,0.2116072577087997,0.4292291093845363
5007,10201,173,173,True,0.637512411271455,0.6982577458048141
5008,10205,173,173,True,0.8546072052509641,0.8903251121644074
5009,10206,173,173,True,0.4503167811552047,0.5011740525079509
5010,10210,173,173,True,0.3895855217542544,0.4290866062391809
5011,10211,173,167,False,0.6004440520902244,0.5011272129783273
5012,10216,173,173,True,0.3347848260271995,0.3372531162465159
5013,10217,173,173,True,0.7810102596273696,0.7038556271167243
5014,10218,173,173,True,0.5679552817235551,0.6408662221873115
5015,10219,173,127,False,0.4248722471647507,0.4994788195986098
5016,10221,173,173,True,0.33113530374234657,0.48321328008127046
5017,10222,173,173,True,0.8224236073897845,0.7767054102012941
5018,10224,173,77,False,0.041259750106063794,0.08718251294885854
5019,10226,173,173,True,0.3191500442986966,0.4247099227266237
5020,10228,173,162,False,0.4631912327901132,0.4861818205314866
5021,10229,173,173,True,0.4959654549691023,0.3998042970132803
5022,10231,173,173,True,0.4522408144011423,0.46897546296219117
5023,10232,173,173,True,0.4510269959910816,0.5526844696600074
5024,10233,173,173,True,0.7297993833702948,0.5578608711068469
5025,10234,173,182,False,0.21671873151329282,0.2700443261832481
5026,10235,173,173,True,0.56137064570586,0.48078796820083525
5027,10238,173,173,True,0.5081809779730811,0.4338964004688158
5028,10239,173,173,True,0.4857326590308102,0.5320083731099153
5029,10241,173,173,True,0.6749925179547719,0.6811968593586979
5030,10242,173,162,False,0.3205065190978746,0.4156117101334826
5031,10251,174,174,True,0.7334016528662637,0.8183709600397084
5032,10253,174,174,True,0.8494843897177863,0.9154619942922649
5033,10254,174,174,True,0.679664932779839,0.6830314614096464
5034,10256,174,174,True,0.7590420418694266,0.6928217821782175
5035,10257,174,174,True,0.8372767707467185,0.7343223469349794
5036,10258,174,156,False,0.9693318497280514,0.9510167089906598
5037,10259,174,102,False,0.2934435952274,0.5977745158581095
5038,10261,174,174,True,0.8259155457137314,0.6930504750543127
5039,10268,174,174,True,0.9560554256309755,0.898413835735334
5040,10272,174,174,True,0.971098629867742,0.9347448684291839
5041,10274,174,171,False,0.6541749845432955,0.5095664288812507
5042,10276,174,174,True,0.8099942765327338,0.8383884174506849
5043,10279,174,174,True,0.8633661605662855,0.8456274467853786
5044,10282,174,167,False,0.6880983086833933,0.5211289280021801
5045,10285,174,172,False,0.9758528774596312,0.9799181366933113
5046,10286,174,174,True,0.7065123290083208,0.7253595434726513
5047,10288,174,174,True,0.9423834235073597,0.9364915717691691
5048,10289,174,174,True,0.8774092803514358,0.8676784344409295
5049,10290,174,174,True,0.9382856161131637,0.95406781979008
5050,10292,174,174,True,0.8285322798804678,0.9071411887201838
5051,10293,174,174,True,0.9701529388791889,0.972026910643963
5052,10294,174,174,True,0.9330038305318517,0.922613265503338
5053,10295,174,174,True,0.9580099177653281,0.93172032328333
5054,10296,174,174,True,0.945734067725573,0.9509939441094185
5055,10297,174,156,False,0.946520081375795,0.9496605933096931
5056,10298,174,174,True,0.8271205328592858,0.7422249342832059
5057,10299,174,174,True,0.8675935623948815,0.8469286601562165
5058,10301,174,174,True,0.820099114650036,0.7633000741078527
5059,10302,174,174,True,0.7627038596512119,0.6047316927942554
5060,10307,174,174,True,0.7277122930148173,0.8325779503913326
5061,10308,175,175,True,0.33092636055559904,0.21747610950826388
5062,10310,175,181,False,0.641446696748203,0.5596563532340201
5063,10312,175,175,True,0.4738247000412646,0.3830762963192668
5064,10313,175,175,True,0.45581765458706613,0.34231143566095235
5065,10316,175,175,True,0.4056764588458305,0.3465375282858168
5066,10317,175,175,True,0.9049491670547172,0.849259592871527
5067,10318,175,175,True,0.606893373255885,0.5414058678238182
5068,10320,175,175,True,0.469644247076784,0.37020289555266717
5069,10323,175,175,True,0.5021731612816508,0.4155209300199112
5070,10325,175,175,True,0.5798146078703834,0.5910287933591635
5071,10327,175,175,True,0.45559720453162295,0.370894267860559
5072,10329,175,175,True,0.39483265388983135,0.21196806667415757
5073,10332,175,175,True,0.6366328454918172,0.588669940568361
5074,10334,175,175,True,0.46189355270981775,0.35602867432710045
5075,10337,175,175,True,0.4536945827194625,0.35538654114832274
5076,10338,175,175,True,0.39290592647570544,0.2471823913164844
5077,10339,175,175,True,0.7364917755109165,0.6461515779647065
5078,10341,175,175,True,0.3028190107644706,0.2534034697099284
5079,10342,175,175,True,0.7357737916364648,0.6070268158066497
5080,10343,175,181,False,0.3137452434562112,0.23908525412841708
5081,10351,175,175,True,0.589393213942671,0.4147775259395276
5082,10352,175,175,True,0.7933131753888598,0.7682559324072465
5083,10355,175,175,True,0.6663847347628292,0.6471229403860955
5084,10356,175,175,True,0.41977263209662646,0.40022178727754304
5085,10358,175,175,True,0.5790720584418437,0.4978385848452211
5086,10359,175,175,True,0.17649087377028097,0.12327646792466054
5087,10361,175,175,True,0.5395685429978335,0.41392946760330623
5088,10364,175,175,True,0.22941456790560125,0.1343525080978427
5089,10366,175,175,True,0.5285962065224429,0.494054579101811
5090,10367,175,173,False,0.45834042006008974,0.48121325881731936
5091,10369,176,176,True,0.904256248457228,0.8986669152991019
5092,10371,176,176,True,0.9685264451320019,0.9710306181959147
5093,10374,176,176,True,0.8409052796373584,0.7749977110840252
5094,10377,176,176,True,0.8943978472669255,0.8158517409936857
5095,10380,176,176,True,0.7830023363678177,0.7167224338749419
5096,10381,176,176,True,0.8039337617303837,0.8131136097953222
5097,10383,176,176,True,0.6533237385783558,0.536681590782561
5098,10384,176,176,True,0.8454840277566306,0.8231721872653622
5099,10385,176,176,True,0.9424365270768974,0.9096906680526339
5100,10386,176,160,False,0.8989425375689849,0.8576238281604625
5101,10387,176,176,True,0.695158444038492,0.7229749737808598
5102,10389,176,176,True,0.850541777073268,0.8464823692757133
5103,10390,176,176,True,0.888594941800238,0.8763553961611047
5104,10391,176,176,True,0.8086824374490389,0.6600165546210037
5105,10392,176,176,True,0.7169968285687304,0.5723858734288242
5106,10393,176,176,True,0.7684750093477429,0.573854600487823
5107,10396,176,176,True,0.6247808300937501,0.4925304049009592
5108,10399,176,176,True,0.8552017823009854,0.7578898603012941
5109,10400,176,176,True,0.8722629434738274,0.8226499788609744
5110,10401,176,176,True,0.8420747388980178,0.8185701428938763
5111,10408,176,176,True,0.5330725488694245,0.5974956242974121
5112,10412,176,176,True,0.9454932608998804,0.9199023214327715
5113,10415,176,176,True,0.6314538458954365,0.6241711778347835
5114,10417,176,176,True,0.9449920319175493,0.8530815836627086
5115,10419,176,176,True,0.8540409991000085,0.7607290804270522
5116,10421,176,176,True,0.9182596988127211,0.9116969622215374
5117,10422,176,176,True,0.9351467237387107,0.9373187295805363
5118,10423,176,160,False,0.9292118772464786,0.8827356522532712
5119,10425,176,176,True,0.848152838542356,0.8550676158749526
5120,10427,176,176,True,0.797261885005277,0.6226213440633428
5121,10431,177,177,True,0.962255751352691,0.968144946047197
5122,10432,177,39,False,0.11007872794047628,0.09542089497203476
5123,10434,177,177,True,0.15434305118942684,0.18083739869313697
5124,10438,177,177,True,0.9151963944543242,0.943749774278169
5125,10439,177,177,True,0.9066056826844207,0.9068354922220028
5126,10442,177,177,True,0.409365724974515,0.43950452834522685
5127,10443,177,177,True,0.3573736114881146,0.45245077413461277
5128,10445,177,177,True,0.4406466735039895,0.4193144748321852
5129,10447,177,195,False,0.2022495049966066,0.16252378528048342
5130,10449,177,177,True,0.339538692815449,0.28790274160839086
5131,10450,177,177,True,0.09887306382686653,0.10334409770452928
5132,10453,177,177,True,0.46447372948422383,0.46379801736853027
5133,10454,177,177,True,0.29919148734828965,0.33134647802094885
5134,10456,177,36,False,0.6811367780215704,0.6644275976384123
5135,10463,177,177,True,0.13369821930584178,0.15825225425544132
5136,10464,177,177,True,0.4797315464969135,0.5764059269165533
5137,10465,177,177,True,0.9458275379243128,0.9312169497854954
5138,10468,177,177,True,0.6157480964811682,0.6014935251832786
5139,10471,177,153,False,0.4121488114070896,0.4115781398390093
5140,10472,177,177,True,0.1981023371947356,0.1973269485553206
5141,10473,177,177,True,0.6878065353912859,0.7151317845586148
5142,10475,177,177,True,0.3270700536661783,0.3481122053767485
5143,10477,177,177,True,0.38556908330685274,0.37904067612028175
5144,10478,177,177,True,0.6505692369856344,0.702758141431962
5145,10480,177,177,True,0.3832126675533215,0.39207865825790167
5146,10482,177,177,True,0.8710275566035406,0.874328895100624
5147,10485,178,172,False,0.773041262732461,0.7331501953951443
5148,10488,178,178,True,0.4560122514403266,0.46398753323002834
5149,10489,178,172,False,0.5815716853563226,0.5391158340250746
5150,10490,178,172,False,0.8754807300123201,0.8606390217387921
5151,10493,178,178,True,0.5664404457572129,0.7403508282653769
5152,10494,178,178,True,0.46344299838313274,0.49166766554646296
5153,10496,178,151,False,0.16055239465806748,0.13334153317204567
5154,10499,178,178,True,0.6069994659093776,0.47836101263678454
5155,10500,178,98,False,0.7389673378139027,0.8344246190705386
5156,10501,178,172,False,0.7900323246124336,0.7885895039825915
5157,10504,178,178,True,0.4019441873467487,0.3757721489173597
5158,10505,178,178,True,0.2719071083756488,0.1660798145711908
5159,10506,178,178,True,0.8453463101928663,0.7535697585030846
5160,10514,178,178,True,0.5331816760339123,0.5582176058762768
5161,10515,178,178,True,0.7700990371425276,0.6867862151133667
5162,10517,178,172,False,0.2861010248214111,0.2447280552717041
5163,10519,178,173,False,0.5035909861115583,0.49108496028512816
5164,10520,178,178,True,0.6010653828607951,0.6172092578831885
5165,10521,178,42,False,0.6710390964112017,0.674433834013064
5166,10522,178,178,True,0.5649843889415578,0.6375421786736153
5167,10525,178,179,False,0.7879388614605966,0.7358330500454824
5168,10528,178,178,True,0.4675867912673338,0.34606228126920907
5169,10529,178,172,False,0.2530641095775516,0.3381659229119247
5170,10532,178,178,True,0.8314210539960092,0.801073805289711
5171,10534,178,171,False,0.5392497739947404,0.6785392840676626
5172,10535,178,178,True,0.17726345973614588,0.1827850564790363
5173,10536,178,178,True,0.45470520977705275,0.3248007586556167
5174,10537,178,164,False,0.41857489843995227,0.22095410289250128
5175,10538,178,174,False,0.4521661473294004,0.5155157024708109
5176,10543,179,181,False,0.7212361926028954,0.8690068355073652
5177,10546,179,179,True,0.6973711934369099,0.7743411019466715
5178,10547,179,179,True,0.81745766630196,0.8616473618004947
5179,10548,179,46,False,0.3900585104866915,0.5972832894617406
5180,10549,179,179,True,0.8073847349081027,0.822445334085633
5181,10551,179,179,True,0.8347958600422842,0.8472922716660023
5182,10554,179,179,True,0.8832098795180718,0.8722748239409291
5183,10557,179,160,False,0.9218242771187065,0.9087502507091918
5184,10563,179,179,True,0.8063165854050275,0.888623199620551
5185,10565,179,179,True,0.7758315152974243,0.7445532514883257
5186,10567,179,179,True,0.8662220519220569,0.8770483656557873
5187,10568,179,179,True,0.7529869995646362,0.8300223208731662
5188,10569,179,179,True,0.8879136950281769,0.8838471568244166
5189,10570,179,179,True,0.7798241362311169,0.7966432533812566
5190,10572,179,179,True,0.9398493660276462,0.9399877654668211
5191,10576,179,179,True,0.6115954116233778,0.4967280782735424
5192,10577,179,179,True,0.6453419225268674,0.6263803314485298
5193,10578,179,166,False,0.9753092371207166,0.9767824503547413
5194,10581,179,179,True,0.8775125635466458,0.871651520132697
5195,10584,179,179,True,0.8477203070800768,0.8571839867265926
5196,10585,179,179,True,0.9364835005795703,0.9390594961706336
5197,10587,179,179,True,0.7543023456599052,0.6519641325056552
5198,10588,179,166,False,0.7062520044213118,0.7201122846488757
5199,10591,179,181,False,0.5588278615517377,0.5747663489311831
5200,10592,179,179,True,0.6973131799254478,0.6203311089631488
5201,10594,179,179,True,0.883567484923129,0.8952368368850346
5202,10596,179,181,False,0.6475894226775486,0.6706410418500619
5203,10597,179,179,True,0.6899963315989239,0.714790684471958
5204,10600,179,179,True,0.6667434209429841,0.7133721876938853
5205,10601,179,179,True,0.7067997052528653,0.6741944180626166
5206,10604,180,180,True,0.5353720153154481,0.5552130092228618
5207,10608,180,98,False,0.8757629314356972,0.8163895537803718
5208,10610,180,180,True,0.7150160551875239,0.7689869772146456
5209,10611,180,180,True,0.3650075143890324,0.31511367494079695
5210,10615,180,180,True,0.7624947376422433,0.8039361817668059
5211,10616,180,180,True,0.506759852391777,0.4609915896538899
5212,10618,180,173,False,0.7986787539536683,0.7012299410092385
5213,10619,180,180,True,0.6228891458807916,0.6922412650792279
5214,10621,180,180,True,0.919156611135061,0.9547855185396916
5215,10623,180,180,True,0.4689583969466492,0.5590277932379452
5216,10625,180,180,True,0.43496047933165505,0.5606953424027284
5217,10627,180,180,True,0.634246837433597,0.6321496301729623
5218,10629,180,180,True,0.7900269700867404,0.7735222463460582
5219,10631,180,180,True,0.9828588428091776,0.9798162436654584
5220,10635,180,180,True,0.7748228136359612,0.7960400409505358
5221,10637,180,180,True,0.38672019127109375,0.45784724142151517
5222,10639,180,180,True,0.6772357739788988,0.6347877540524343
5223,10641,180,178,False,0.4278461811009487,0.46489525869343507
5224,10642,180,180,True,0.7695130978361486,0.7281834485085548
5225,10644,180,180,True,0.5949315598587696,0.5484381268357756
5226,10646,180,180,True,0.6103909152008695,0.6146789081503253
5227,10647,180,180,True,0.8910065034248554,0.8665479156388816
5228,10649,180,177,False,0.6192919370817682,0.6450393124432308
5229,10650,180,180,True,0.5911230242511215,0.6732725562566663
5230,10652,180,180,True,0.6815103283866129,0.7603458922743633
5231,10653,180,180,True,0.2714943307636187,0.29240294928714367
5232,10654,180,180,True,0.5129373700882682,0.539789788606988
5233,10655,180,180,True,0.35861084862665876,0.4496669726901597
5234,10661,180,180,True,0.2957257318543023,0.35065527839034677
5235,10662,181,179,False,0.45838450440421274,0.36077269275132967
5236,10664,181,174,False,0.4539716296011402,0.3371256857882674
5237,10666,181,181,True,0.9700865205120851,0.8474481071871932
5238,10667,181,181,True,0.5476209456147457,0.3344210859477356
5239,10668,181,181,True,0.3401352690842948,0.2500466015485043
5240,10669,181,181,True,0.7928981148740953,0.5710047984965365
5241,10671,181,181,True,0.377923815410227,0.09658795101643892
5242,10672,181,181,True,0.13962432374013214,0.06268137551531508
5243,10673,181,181,True,0.6247553924538204,0.552143801756611
5244,10675,181,181,True,0.9543984193917691,0.8424007903026787
5245,10678,181,181,True,0.2034836906184684,0.18561511929945626
5246,10679,181,181,True,0.7560415477101781,0.2597800474826766
5247,10680,181,181,True,0.8534071296771166,0.7266807822355728
5248,10684,181,181,True,0.5723803214998727,0.3675783420666716
5249,10685,181,181,True,0.6207265241376615,0.47834692496515757
5250,10688,181,181,True,0.38823759587023277,0.08916678125210206
5251,10689,181,181,True,0.5793983670091134,0.5513801187129873
5252,10695,181,181,True,0.110330573867162,0.07745458252019675
5253,10697,181,181,True,0.6401147369505008,0.22895010120322234
5254,10699,181,181,True,0.8061876193035457,0.4829732463385899
5255,10703,181,181,True,0.8250170152600013,0.4619736066084139
5256,10705,181,176,False,0.34580529707564733,0.33646853480572786
5257,10706,181,181,True,0.6776303013476124,0.48753777705202506
5258,10707,181,181,True,0.5087605602707905,0.295900296273079
5259,10712,181,162,False,0.7123973450211895,0.5168187783693612
5260,10713,181,181,True,0.25572276061764865,0.1621243068989225
5261,10714,181,181,True,0.3400782657100455,0.19239797693375277
5262,10719,181,181,True,0.6357951053754111,0.3834556760516953
5263,10720,181,181,True,0.9331270278619106,0.5206353948244252
5264,10721,181,181,True,0.5726066948042523,0.34556011046122703
5265,10722,182,182,True,0.17021046663448955,0.1342061320524733
5266,10725,182,182,True,0.9583103392454334,0.9522721895384268
5267,10726,182,182,True,0.23795076368399182,0.22697440317363288
5268,10729,182,182,True,0.13144236734354164,0.11919893544355604
5269,10730,182,182,True,0.38335064639491806,0.3363765952190611
5270,10732,182,183,False,0.24033127467196239,0.21758895880255105
5271,10733,182,182,True,0.49486156668108533,0.2789030144296546
5272,10736,182,182,True,0.8982506175194294,0.9158597608140008
5273,10737,182,182,True,0.3586373244667813,0.24505527388539777
5274,10740,182,182,True,0.39772765226647583,0.39269725977013026
5275,10742,182,183,False,0.7242871423180842,0.5470019665169324
5276,10744,182,182,True,0.7174083265487263,0.7207018565701805
5277,10745,182,182,True,0.6460094966538332,0.6689281503023358
5278,10746,182,182,True,0.32944669822496647,0.34964677163780666
5279,10748,182,183,False,0.4824748201345251,0.44638424157349366
5280,10749,182,182,True,0.37339534775192096,0.3649369063111034
5281,10751,182,182,True,0.3435826975144541,0.3694820415781727
5282,10752,182,182,True,0.14954830511500933,0.15603680170160483
5283,10754,182,182,True,0.41747380231825026,0.41804046531898975
5284,10755,182,182,True,0.7921614079096656,0.6597137967399065
5285,10759,182,182,True,0.3552047987906966,0.34120263373434045
5286,10762,182,182,True,0.5633467285590034,0.5168156590903219
5287,10768,182,182,True,0.6164578747793766,0.575896518288088
5288,10769,182,182,True,0.7962090372079719,0.32855496872246914
5289,10770,182,182,True,0.5565653841583297,0.4618914043531036
5290,10773,182,182,True,0.7091168919130675,0.6686237635794041
5291,10775,182,182,True,0.30389737483313617,0.1913914055413413
5292,10778,182,182,True,0.22730241031351767,0.2757529960001879
5293,10779,182,182,True,0.35678417158161185,0.38368745475927357
5294,10780,182,182,True,0.7276238982804208,0.7173979112320311
5295,10782,183,183,True,0.1532023474391819,0.19499666866708998
5296,10784,183,183,True,0.6788359114595368,0.6595122372554209
5297,10786,183,183,True,0.9321896170855682,0.9391723745440119
5298,10787,183,183,True,0.19817753991907708,0.24580389756885945
5299,10793,183,182,False,0.44437131030602195,0.4982658731553119
5300,10797,183,183,True,0.5670253009324272,0.6109285028614636
5301,10798,183,183,True,0.7066507473330832,0.7217789579049015
5302,10804,183,183,True,0.8967042008999443,0.903162480791326
5303,10806,183,183,True,0.878295963093403,0.9036607374976922
5304,10807,183,183,True,0.537104877205935,0.6044983978576763
5305,10809,183,183,True,0.8733060249674273,0.8895603360873332
5306,10810,183,127,False,0.8702141754477131,0.8995213103076496
5307,10811,183,183,True,0.23179673535944087,0.2532031628287666
5308,10812,183,183,True,0.6483409169337825,0.6409885550214893
5309,10815,183,183,True,0.3746110299993823,0.4528334405861058
5310,10816,183,183,True,0.2586513225637366,0.3741922380916915
5311,10819,183,182,False,0.3006407103819542,0.2899943184288039
5312,10824,183,183,True,0.8279757153835025,0.8068716629619874
5313,10825,183,183,True,0.7206490424342215,0.719507249264917
5314,10826,183,183,True,0.8275840459337325,0.8751588809582309
5315,10827,183,183,True,0.7480527822154939,0.8096607374563626
5316,10828,183,183,True,0.4926897404803243,0.5396038044715892
5317,10829,183,183,True,0.23655521541805202,0.30922219460283923
5318,10831,183,182,False,0.6845992271887649,0.7394641672611452
5319,10833,183,183,True,0.34608413276332506,0.527237167168497
5320,10835,183,183,True,0.5642123149294817,0.6574566040557577
5321,10837,183,127,False,0.35886588130855,0.36857910491285845
5322,10838,183,183,True,0.7833553232360057,0.8835702261282679
5323,10839,183,183,True,0.6907950083763357,0.6942732211243927
5324,10840,183,183,True,0.4003296408729893,0.49848854486298894
5325,10844,184,184,True,0.6100606664828595,0.5650503913041283
5326,10845,184,184,True,0.706408165798034,0.6626077492531037
5327,10846,184,184,True,0.5289578509821192,0.549524173713656
5328,10847,184,184,True,0.8185948629622635,0.69328646239958
5329,10848,184,184,True,0.9731441175848494,0.9413327642049919
5330,10856,184,184,True,0.8285493345887098,0.8968980400526323
5331,10857,184,184,True,0.10405458743637257,0.14444787173959073
5332,10858,184,184,True,0.7252214699116638,0.6850451606806865
5333,10860,184,185,False,0.6564258950086566,0.6649742224958142
5334,10861,184,184,True,0.8134083651206893,0.6614101986063183
5335,10862,184,184,True,0.8874034474742375,0.8504564608728173
5336,10864,184,184,True,0.5671867369140117,0.5132848185527885
5337,10865,184,184,True,0.9555829428324469,0.9471394762398474
5338,10866,184,55,False,0.7783860274592604,0.7640094124213646
5339,10868,184,184,True,0.964747825154831,0.9162403092173373
5340,10869,184,184,True,0.626541238435481,0.5723296137366451
5341,10872,184,184,True,0.7107701175180701,0.6754022732291435
5342,10875,184,184,True,0.9386481475561805,0.9254880792711749
5343,10876,184,184,True,0.5398534468888856,0.4269362610913
5344,10879,184,184,True,0.8462078554729205,0.796720594600788
5345,10881,184,184,True,0.5114241976642042,0.4983861739812201
5346,10882,184,184,True,0.3831836144683764,0.5241007569336021
5347,10883,184,184,True,0.5383296066456444,0.5923215919855496
5348,10886,184,185,False,0.4012585523414198,0.3574984803265525
5349,10887,184,184,True,0.37692768726441905,0.45949983987988285
5350,10889,184,184,True,0.4690619266533519,0.4419470097161715
5351,10891,184,184,True,0.98868828445112,0.9932183997272637
5352,10892,184,184,True,0.31543644113792635,0.32517671039663526
5353,10898,184,47,False,0.8503246431116258,0.6635762182470109
5354,10900,184,184,True,0.5385686329387193,0.45602856456126256
5355,10902,185,185,True,0.5639797333252176,0.536457502514131
5356,10903,185,185,True,0.8298668492175758,0.8628998034801784
5357,10906,185,185,True,0.30480527604262847,0.537425748659679
5358,10908,185,185,True,0.4528998971716564,0.4701537121744302
5359,10910,185,185,True,0.3388834308702289,0.2530567296817681
5360,10911,185,185,True,0.7881356112390604,0.8576051750528503
5361,10912,185,185,True,0.6738847687938547,0.7132748047464028
5362,10915,185,185,True,0.537780598656018,0.5636630645918511
5363,10916,185,184,False,0.623366170357775,0.5085834381074467
5364,10917,185,185,True,0.8535560846530725,0.8557637490559199
5365,10919,185,185,True,0.5227710847136342,0.5510276385704715
5366,10921,185,185,True,0.35970735358591815,0.37215017949676127
5367,10922,185,185,True,0.6037277928202375,0.7026611240282069
5368,10923,185,185,True,0.7210552752300301,0.7179082383299068
5369,10925,185,185,True,0.8452956434040498,0.896544149228012
5370,10927,185,185,True,0.6745102721938484,0.6166119596925276
5371,10928,185,185,True,0.345119069343262,0.38920116647900865
5372,10929,185,185,True,0.7385524257144039,0.6697295607550217
5373,10930,185,185,True,0.9039990870369773,0.895722308034052
5374,10935,185,185,True,0.6453493614163917,0.6503202799891517
5375,10936,185,185,True,0.6968448483000562,0.6801342209588682
5376,10937,185,185,True,0.6180236770993803,0.5763060848722178
5377,10938,185,185,True,0.49628347704585646,0.47055813842746946
5378,10942,185,185,True,0.3444378626838805,0.2911032237428035
5379,10945,185,185,True,0.7282722296370578,0.7657023028857877
5380,10947,185,185,True,0.7034235068924947,0.7517025341198323
5381,10949,185,185,True,0.7058076157268999,0.6140839792066695
5382,10951,185,185,True,0.8103497899923543,0.7925166432077109
5383,10952,185,185,True,0.8429589051440162,0.854427505122664
5384,10955,185,185,True,0.33882126663669326,0.5165936376035903
5385,10962,186,186,True,0.662938692315113,0.7060301763484975
5386,10963,186,186,True,0.4309409243579615,0.4679294844283633
5387,10970,186,186,True,0.33534889249313726,0.39313405396411183
5388,10971,186,186,True,0.39370257317495994,0.47609302669058623
5389,10973,186,186,True,0.32737706542017087,0.36058761981296694
5390,10974,186,186,True,0.13079234071213558,0.19292167645193872
5391,10976,186,186,True,0.2213728819755025,0.22869831087779088
5392,10981,186,186,True,0.20773364675537304,0.23404091641659977
5393,10984,186,186,True,0.24986153677656722,0.2588540933356001
5394,10985,186,186,True,0.9733460412945464,0.9693897666693229
5395,10986,186,186,True,0.7707170759806258,0.7844812042878894
5396,10987,186,186,True,0.2259104482681893,0.19133074832795333
5397,10990,186,186,True,0.8261412132347369,0.8482615809519385
5398,10993,186,186,True,0.20846835396428218,0.2537554186403638
5399,10998,186,186,True,0.058709429177069436,0.07246198500231664
5400,11002,186,186,True,0.7283508326032742,0.7898138140042931
5401,11004,186,186,True,0.7189827837516133,0.7988504656664919
5402,11005,186,186,True,0.3501367915548211,0.365707770259338
5403,11010,186,186,True,0.2050771171097693,0.22933503798558572
5404,11011,186,186,True,0.6218341086789652,0.770559952499599
5405,11012,187,187,True,0.6473499939366598,0.8071839245501681
5406,11016,187,187,True,0.31793506981510966,0.36237727674459524
5407,11017,187,187,True,0.9074364892176916,0.8823957928359727
5408,11026,187,190,False,0.4453106194799502,0.5414845447933782
5409,11027,187,187,True,0.6364218546526116,0.6376075111256527
5410,11028,187,187,True,0.5884484606730239,0.780375376343836
5411,11029,187,187,True,0.4519589961423832,0.7206284638540715
5412,11031,187,187,True,0.5300560107207707,0.7736319229332577
5413,11032,187,187,True,0.6840891556552217,0.8289597578982312
5414,11033,187,187,True,0.47981749267455487,0.5962582814957706
5415,11035,187,187,True,0.7774893236592578,0.8045472488916962
5416,11039,187,187,True,0.5231896295213031,0.8156442139557903
5417,11040,187,187,True,0.6367631813570885,0.7257315532300994
5418,11041,187,187,True,0.7454251722561633,0.5993335523520078
5419,11042,187,187,True,0.8477885282113219,0.9038399554365041
5420,11043,187,187,True,0.4179751369825733,0.5980281839701217
5421,11046,187,187,True,0.855656567853918,0.9165376568352305
5422,11048,187,187,True,0.9266482359372338,0.9118151105403975
5423,11049,187,187,True,0.8289248948285359,0.8826951628048287
5424,11051,187,187,True,0.755080592635132,0.7956375886898184
5425,11052,187,187,True,0.7938174454626449,0.8059759947885464
5426,11053,187,187,True,0.7896649203782468,0.8741067934460208
5427,11055,187,187,True,0.4600327382383294,0.47354889796973676
5428,11058,187,187,True,0.9255712180653567,0.8344663599573288
5429,11062,187,187,True,0.8155713216812394,0.7904731065983412
5430,11063,187,187,True,0.5021149988918057,0.7778766961566114
5431,11064,187,187,True,0.3518329175705335,0.4500227477375078
5432,11066,187,187,True,0.5403546152442388,0.6113722289644988
5433,11068,187,187,True,0.8584521559097689,0.8662447597512458
5434,11070,187,187,True,0.8773333274871116,0.9264216821660873
5435,11077,188,188,True,0.9542361497935219,0.9502817191564589
5436,11078,188,188,True,0.9295115037153496,0.9197927474540065
5437,11079,188,188,True,0.9484990246756171,0.9082315250757462
5438,11080,188,188,True,0.6855085965484903,0.49341542014265455
5439,11081,188,188,True,0.8747527189269414,0.860180907586321
5440,11085,188,188,True,0.9069419120947855,0.8247679459483611
5441,11091,188,188,True,0.893081020235617,0.8778712731281142
5442,11094,188,188,True,0.7497211573057134,0.6998740121656134
5443,11097,188,188,True,0.5546909070153521,0.49412210267363565
5444,11098,188,188,True,0.7250333970452625,0.6466334948081437
5445,11100,188,188,True,0.8564560444473739,0.8052240757706088
5446,11102,188,188,True,0.9008872589662523,0.8893336591751393
5447,11103,188,188,True,0.8994320673478484,0.8029007134183662
5448,11104,188,188,True,0.9466700194970187,0.9187635189025185
5449,11105,188,188,True,0.6787223727377358,0.5686306435054822
5450,11110,188,188,True,0.902635851126093,0.8287600072010635
5451,11111,188,188,True,0.7762243509366994,0.7390551561599588
5452,11114,188,188,True,0.7921596892394595,0.7273293761201547
5453,11115,188,188,True,0.8538140505772897,0.7063845193704399
5454,11117,188,188,True,0.814634646770015,0.7686501308737379
5455,11118,188,188,True,0.8660083411840269,0.8605699240732121
5456,11119,188,188,True,0.833170432267845,0.830262362279912
5457,11122,188,188,True,0.8691522833344727,0.8518577985983867
5458,11123,188,188,True,0.8084630940034245,0.8067903158982389
5459,11124,188,188,True,0.9448285613517584,0.8463291000380329
5460,11125,188,188,True,0.9721964597568625,0.9644020084202247
5461,11126,188,188,True,0.85869226877592,0.8228010582037554
5462,11128,188,188,True,0.9496887084790315,0.902414835966412
5463,11130,188,188,True,0.8885716186305533,0.8489854962097312
5464,11131,188,188,True,0.8098133706758688,0.6257773554469175
5465,11133,189,189,True,0.6336449804618087,0.49951678577520625
5466,11136,189,189,True,0.4117858237743823,0.3645875110897623
5467,11137,189,189,True,0.4901139546718681,0.3227842664785692
5468,11138,189,189,True,0.5704555933749463,0.42956172491985367
5469,11140,189,189,True,0.5048610170715983,0.37932543866321405
5470,11141,189,189,True,0.25247069320709037,0.12730681183227432
5471,11142,189,189,True,0.4375446072420741,0.32539072139014064
5472,11144,189,189,True,0.3902125467149181,0.2905626016393084
5473,11145,189,189,True,0.38509165042958826,0.27520165036156535
5474,11150,189,189,True,0.4286209895064187,0.27898992638999315
5475,11152,189,189,True,0.2656989882291669,0.1705397974979847
5476,11160,189,189,True,0.5113803928983716,0.3436929887699918
5477,11161,189,189,True,0.8271833046301161,0.781301087699574
5478,11163,189,189,True,0.2544065855321202,0.12179143463913764
5479,11164,189,189,True,0.667949829024306,0.6008436521251803
5480,11165,189,189,True,0.5738470746958964,0.46658476301373997
5481,11167,189,189,True,0.6472275831617025,0.46032164695150773
5482,11168,189,91,False,0.9390228996540629,0.9162222909776906
5483,11169,189,189,True,0.6152620836663864,0.5092397382336525
5484,11170,189,189,True,0.350267205706714,0.19106278421987719
5485,11171,189,189,True,0.5391248704471732,0.42795949225937957
5486,11172,189,189,True,0.4475788297721412,0.27616533822150996
5487,11175,189,189,True,0.5606167956495519,0.38845686209982333
5488,11176,189,189,True,0.25750396002538894,0.15900136544190663
5489,11180,189,189,True,0.36306084413883527,0.20139266988895654
5490,11182,189,189,True,0.5774732017685753,0.4352124834072686
5491,11184,189,189,True,0.7974271811669268,0.6829529931867685
5492,11186,189,189,True,0.6269017438542538,0.4668217666437431
5493,11187,189,189,True,0.4326530645411696,0.26652085582701246
5494,11190,190,79,False,0.3283040854607464,0.20688329059145413
5495,11191,190,190,True,0.874731517033212,0.7411639542358052
5496,11192,190,190,True,0.8305570587145048,0.7742888172077866
5497,11194,190,190,True,0.928170026635639,0.8115038816656776
5498,11197,190,190,True,0.661960254383093,0.6164511103926368
5499,11200,190,190,True,0.8705473669703935,0.7589321975777055
5500,11201,190,190,True,0.802016244958715,0.6660524368873162
5501,11202,190,190,True,0.9507015654185403,0.9532387060555642
5502,11203,190,190,True,0.803573932603319,0.7021779786583132
5503,11204,190,190,True,0.9186209603466501,0.8072622568897602
5504,11205,190,190,True,0.8505396879431988,0.6796054791734625
5505,11207,190,190,True,0.9261201437293568,0.8662317241940208
5506,11208,190,188,False,0.8124602496867075,0.6027062319260645
5507,11209,190,190,True,0.9067422963429781,0.7364336114989296
5508,11212,190,190,True,0.8404704223065539,0.5005418585028222
5509,11213,190,190,True,0.7200191813479473,0.5750847324813398
5510,11217,190,190,True,0.7012279518373437,0.49848158357232175
5511,11222,190,190,True,0.6853440819619759,0.5115135333684108
5512,11223,190,190,True,0.9049569271829412,0.7394980314674168
5513,11225,190,190,True,0.6262672782609164,0.517867695739144
5514,11227,190,188,False,0.7543719558902164,0.6244952418679782
5515,11230,190,190,True,0.7635456851091104,0.7029051870304646
5516,11231,190,190,True,0.9174588453975184,0.8711495462466456
5517,11234,190,190,True,0.900259236581987,0.7774779384652448
5518,11239,190,190,True,0.8352993044813585,0.7736327467094102
5519,11241,190,190,True,0.8377037597367492,0.78053611480668
5520,11245,190,190,True,0.9618551879644193,0.9253291498908756
5521,11246,190,188,False,0.39746943136075374,0.44633144637574035
5522,11247,190,190,True,0.9152499755851293,0.7821098342373105
5523,11249,190,190,True,0.6976643215646098,0.6801721695072388
5524,11250,191,191,True,0.8741246237153808,0.8860530906093664
5525,11253,191,191,True,0.8740220358775224,0.7961069984103237
5526,11255,191,191,True,0.7312778938057496,0.6065587746305332
5527,11257,191,191,True,0.9057773891641567,0.8880380037139303
5528,11258,191,191,True,0.8672645136704398,0.8040882172312753
5529,11259,191,191,True,0.9008546840749058,0.8775667482098523
5530,11260,191,191,True,0.8447625311971491,0.8214581856840573
5531,11262,191,191,True,0.8165383644943623,0.7720977375890171
5532,11263,191,191,True,0.5118450860229328,0.47154124782783724
5533,11266,191,191,True,0.8793985764631352,0.8749956830846674
5534,11267,191,191,True,0.9594731139896395,0.9189766804714207
5535,11270,191,191,True,0.9375617224241142,0.9199418587327297
5536,11273,191,191,True,0.7350626387423871,0.7219157925719861
5537,11274,191,191,True,0.9201079267390393,0.8881272506439097
5538,11275,191,191,True,0.9697698324685221,0.9581410058737805
5539,11278,191,191,True,0.7259304904141656,0.6461485535256171
5540,11281,191,191,True,0.8923600794024003,0.851566641063159
5541,11282,191,191,True,0.3350502276628977,0.36572568050691084
5542,11284,191,191,True,0.8100955298170984,0.8163959663215874
5543,11285,191,191,True,0.7084958752560622,0.5978011135280723
5544,11287,191,191,True,0.798188867173341,0.7412859215268027
5545,11288,191,189,False,0.9172931850232319,0.8399414994596094
5546,11290,191,191,True,0.7429091743808267,0.712029660418087
5547,11296,191,191,True,0.7462213388835184,0.6912680130979191
5548,11297,191,191,True,0.9999998847103697,0.9989784137368252
5549,11298,191,191,True,0.8784812578289746,0.7995048826218795
5550,11301,191,158,False,0.8697143861777934,0.8637705220218896
5551,11305,191,27,False,0.7922094754765213,0.777701591871778
5552,11307,191,191,True,0.8352186423789326,0.749952234186861
5553,11308,191,191,True,0.8733280097649314,0.8588487138844841
5554,11310,192,192,True,0.41373154329205497,0.5093471931998278
5555,11311,192,192,True,0.719453492624812,0.8626158536968066
5556,11312,192,173,False,0.8448079829085431,0.8681668001079389
5557,11314,192,192,True,0.9105634234480634,0.9538312422910284
5558,11315,192,192,True,0.6474740898898673,0.6766439513146483
5559,11318,192,192,True,0.7373997288706333,0.753213030382534
5560,11320,192,192,True,0.9562728149997716,0.9763541334638216
5561,11321,192,192,True,0.8674178779638407,0.8668469463137758
5562,11325,192,192,True,0.8648763790661449,0.906260000923162
5563,11327,192,192,True,0.8153364691532676,0.8579247869840029
5564,11329,192,192,True,0.4091013928308227,0.3337059472435785
5565,11331,192,196,False,0.6047125569410573,0.7062494563041544
5566,11334,192,177,False,0.28420447442789454,0.561834942755895
5567,11335,192,192,True,0.9693131966830627,0.9651355517220019
5568,11336,192,192,True,0.783451208524805,0.7395567536397757
5569,11337,192,192,True,0.6715629565566601,0.717112069602408
5570,11338,192,192,True,0.2705985823983181,0.3056713562457005
5571,11340,192,128,False,0.5080956382521822,0.6296197058197859
5572,11343,192,195,False,0.9314468148275008,0.9814008192409567
5573,11344,192,151,False,0.7422486945169711,0.792193467547384
5574,11346,192,192,True,0.9379694958366747,0.9118491656904527
5575,11348,192,192,True,0.9148589718014709,0.9192909057357314
5576,11349,192,194,False,0.29762473728199723,0.27449887303775194
5577,11352,192,192,True,0.8774058460271715,0.834721032740985
5578,11353,192,192,True,0.4450900691001401,0.539875818826695
5579,11357,192,192,True,0.943492637995044,0.9617061122667806
5580,11361,192,192,True,0.5740882626537195,0.6747507256387067
5581,11362,192,192,True,0.7006895821457891,0.6893317139309082
5582,11365,192,78,False,0.32764251946341527,0.3617407419459679
5583,11368,192,192,True,0.7542705930721064,0.50123702927533
5584,11370,193,193,True,0.9975435556117672,0.9950399112395165
5585,11371,193,193,True,0.35874077038362245,0.35449734441275654
5586,11372,193,193,True,0.30563403992117083,0.25634406744657245
5587,11373,193,193,True,0.3549396347847085,0.2715174945229805
5588,11374,193,193,True,0.64330981606751,0.5440848723678492
5589,11377,193,193,True,0.804748233087038,0.7421104623651819
5590,11378,193,193,True,0.2508922444157695,0.17292796744482125
5591,11379,193,193,True,0.46691720782933005,0.33790839732624045
5592,11380,193,193,True,0.5620659364136587,0.2457590559476444
5593,11381,193,193,True,0.2835133903469791,0.2062451541442449
5594,11384,193,193,True,0.7732955744218041,0.7223365476748288
5595,11388,193,193,True,0.4864744457796041,0.4306291457761162
5596,11389,193,193,True,0.2047680506817549,0.14259526303598097
5597,11393,193,193,True,0.819757001237429,0.813297452236341
5598,11395,193,193,True,0.7281485334358533,0.7050854722598334
5599,11398,193,193,True,0.34939425733134777,0.3065338861605659
5600,11399,193,193,True,0.04630034566534912,0.020446600022087473
5601,11400,193,193,True,0.8420682850942248,0.8304382830217938
5602,11402,193,193,True,0.9082502207554892,0.8131240977637842
5603,11404,193,193,True,0.2309927515718835,0.18225065279542094
5604,11409,193,193,True,0.6658146922604148,0.5172702819168085
5605,11410,193,193,True,0.9781597624828614,0.9582850302701491
5606,11413,193,193,True,0.8757345589993984,0.8510361803528318
5607,11415,193,193,True,0.2720171873045894,0.18376467092799115
5608,11417,193,193,True,0.5847627716408527,0.433503708716319
5609,11418,193,193,True,0.8785770908073065,0.8320152607300498
5610,11419,193,91,False,0.25182497606197274,0.14378025710324566
5611,11420,193,91,False,0.8341119806845412,0.749510424478745
5612,11422,193,193,True,0.4382099586381442,0.4126966452196276
5613,11427,193,193,True,0.4945209016869915,0.3980278551336246
5614,11430,194,194,True,0.3531991897507726,0.3736113835006072
5615,11432,194,196,False,0.737039127565015,0.7163598859363572
5616,11434,194,194,True,0.8130600670200308,0.8192950921665231
5617,11437,194,194,True,0.7115590644487317,0.6589342286667231
5618,11438,194,194,True,0.8706968767129316,0.8716062350548426
5619,11442,194,194,True,0.4215409256595568,0.42629098365227164
5620,11444,194,194,True,0.7567690609005893,0.8397357048499623
5621,11445,194,194,True,0.96731014628495,0.9712345536645085
5622,11449,194,194,True,0.8292981507334598,0.8686054026918272
5623,11450,194,196,False,0.9088403443863284,0.8677563410559904
5624,11453,194,194,True,0.48018008248522065,0.5184454577000464
5625,11454,194,194,True,0.5110506459879424,0.36555180676091736
5626,11457,194,194,True,0.5529407125350662,0.6341741979645769
5627,11458,194,194,True,0.48783698837203604,0.42693027345732437
5628,11459,194,194,True,0.9137492019191522,0.8580276146977095
5629,11461,194,194,True,0.7162015856295392,0.6968611513863358
5630,11462,194,194,True,0.6614234877922281,0.6207135818536766
5631,11463,194,194,True,0.501003012088331,0.5083321700517172
5632,11467,194,194,True,0.6435621264395742,0.6685598751132074
5633,11469,194,194,True,0.8526987046264908,0.9031573112368529
5634,11470,194,194,True,0.7798686702599353,0.7750605870971609
5635,11472,194,194,True,0.847097459699822,0.8945413651265062
5636,11476,194,194,True,0.7279083565848847,0.7772873226904714
5637,11477,194,194,True,0.8049530206864001,0.8278134952908444
5638,11478,194,194,True,0.6580459558918688,0.6508319096739866
5639,11481,194,194,True,0.7789607117622994,0.7441380139181392
5640,11482,194,194,True,0.5066707751474105,0.4993864971795048
5641,11483,194,194,True,0.5111032121272719,0.5911943189246907
5642,11486,194,194,True,0.6521317383119422,0.5148026725437617
5643,11488,194,194,True,0.7110414601729781,0.5905264258099427
5644,11494,195,195,True,0.6399605400682847,0.6109992994605056
5645,11495,195,177,False,0.8160948243412061,0.7118949778445577
5646,11496,195,195,True,0.4920505821787651,0.546799127132409
5647,11497,195,195,True,0.8715534540575582,0.8109273450842966
5648,11499,195,195,True,0.2592769489790403,0.20222801259386622
5649,11501,195,195,True,0.5554322720466516,0.5365647363571716
5650,11502,195,117,False,0.24977847941701328,0.2619658658090921
5651,11503,195,195,True,0.8264445854400999,0.8031629962858073
5652,11504,195,195,True,0.6461079017463819,0.5731222883300233
5653,11505,195,195,True,0.41120947686789794,0.16521707027284202
5654,11513,195,198,False,0.5501426126920663,0.534739067796461
5655,11514,195,144,False,0.42449543799944267,0.4439118733224927
5656,11515,195,195,True,0.7374029936048622,0.6555694956065601
5657,11519,195,195,True,0.5402999185038091,0.42713500628708295
5658,11520,195,198,False,0.2967243699322915,0.3090862869852999
5659,11521,195,195,True,0.690761113292191,0.6874577839607858
5660,11523,195,195,True,0.8769466859016801,0.6810673726010741
5661,11525,195,195,True,0.6944520979047493,0.5918297235296883
5662,11526,195,198,False,0.6728392910061156,0.7402523575987816
5663,11527,195,194,False,0.5587992517844983,0.6228844918944305
5664,11528,195,195,True,0.7186184456375792,0.702620305028056
5665,11531,195,195,True,0.8539274995039229,0.8647993063313152
5666,11534,195,195,True,0.528773462511616,0.4009728012668778
5667,11537,195,195,True,0.2196277496601716,0.274564196751771
5668,11538,195,195,True,0.6434291445592041,0.6111265843234419
5669,11539,195,195,True,0.7775636579687282,0.6321968471885042
5670,11541,195,195,True,0.9230159492798715,0.8354269945340947
5671,11543,195,198,False,0.7514258557815664,0.6202658779177053
5672,11544,195,195,True,0.6850602691113217,0.4500512893500883
5673,11547,195,198,False,0.34915873118768515,0.2836907530724633
5674,11549,196,196,True,0.4504685189940321,0.4343130204662802
5675,11550,196,196,True,0.1401521296862885,0.15588378536367858
5676,11551,196,196,True,0.22563232430157426,0.23924621281896088
5677,11559,196,196,True,0.3510778118880134,0.3371339904049747
5678,11562,196,194,False,0.24835784731255245,0.22778083788748488
5679,11563,196,196,True,0.38289700343850064,0.39231978392614253
5680,11564,196,196,True,0.9574896061750471,0.934096946791307
5681,11566,196,196,True,0.36601837771246204,0.38051030826914417
5682,11567,196,192,False,0.689322136858606,0.6393166382695208
5683,11568,196,196,True,0.4300468607628243,0.4412062120172458
5684,11570,196,196,True,0.5740168793502067,0.5882903773959288
5685,11571,196,198,False,0.7882935129904779,0.6491750869108384
5686,11574,196,196,True,0.2397764306363275,0.25899188682106156
5687,11575,196,194,False,0.31787341963333166,0.2644380832033147
5688,11576,196,196,True,0.4273855982435822,0.4122156937668752
5689,11577,196,196,True,0.28475011474797485,0.30602999461054053
5690,11578,196,196,True,0.2785970945909538,0.3187297033019052
5691,11581,196,196,True,0.24066917971487609,0.23366017108685058
5692,11583,196,196,True,0.3908930071635979,0.3847937617914313
5693,11586,196,196,True,0.06749431513988649,0.05833940876963779
5694,11587,196,194,False,0.32172393865675714,0.32073010641218996
5695,11588,196,196,True,0.2944694696093858,0.27858684214781715
5696,11592,196,196,True,0.40083516837403965,0.44786829090633967
5697,11593,196,196,True,0.4753580197570171,0.4835770702047709
5698,11595,196,196,True,0.345618171255221,0.3967835232665267
5699,11597,196,196,True,0.8925799229428467,0.9083296688629917
5700,11600,196,196,True,0.273081922531671,0.3542276622417215
5701,11602,196,196,True,0.5881716014814102,0.5875114992725798
5702,11603,196,154,False,0.2690311021652841,0.27985439425121533
5703,11608,196,196,True,0.340730502648143,0.35296886529258586
5704,11609,197,197,True,0.09628881325370557,0.09016821269403623
5705,11611,197,197,True,0.14305252076524036,0.14116012877706136
5706,11615,197,197,True,0.4625399663751671,0.4473654329751136
5707,11618,197,197,True,0.1156477648056685,0.1128504952789806
5708,11620,197,197,True,0.17156965326020637,0.15991887698013355
5709,11625,197,197,True,0.5488161049208762,0.5479722288331021
5710,11628,197,197,True,0.18869751634841903,0.20962833533825526
5711,11629,197,197,True,0.5765883380175125,0.5920183067924755
5712,11630,197,197,True,0.04508294398616095,0.047719346687636874
5713,11631,197,197,True,0.8013719265947682,0.7625128983205234
5714,11632,197,197,True,0.7899338217303896,0.7507626014325959
5715,11637,197,195,False,0.6232807745429728,0.6388621714075152
5716,11638,197,197,True,0.12353737810693037,0.1490751708651203
5717,11639,197,197,True,0.4781980033168561,0.4654445144399274
5718,11641,197,197,True,0.29383157939445187,0.3003254900078932
5719,11644,197,197,True,0.397067964315933,0.3924787963821477
5720,11645,197,197,True,0.03936420962681609,0.03769114079068704
5721,11646,197,197,True,0.13934710159115862,0.12463634003543314
5722,11648,197,197,True,0.39111143019383404,0.3812908775356602
5723,11649,197,197,True,0.10921137533913951,0.15006779718272065
5724,11650,197,197,True,0.1490119811851636,0.15123692633353833
5725,11651,197,75,False,0.07719011387235962,0.06504244041810277
5726,11653,197,197,True,0.5725165222092738,0.5676346835653654
5727,11654,197,197,True,0.24513827785630435,0.2721813864396162
5728,11656,197,155,False,0.17147704302510877,0.15458171834008097
5729,11658,197,197,True,0.1708576307123143,0.13543950685147216
5730,11659,197,197,True,0.06261835304831784,0.047865226847512043
5731,11661,197,197,True,0.06909596373905345,0.07430042672478263
5732,11662,197,197,True,0.15092244331062704,0.16819108357022133
5733,11665,197,197,True,0.1174783127709055,0.12206584666678898
5734,11670,198,198,True,0.37426420438830604,0.4548364830321721
5735,11672,198,198,True,0.5261085831455647,0.5292838725143394
5736,11673,198,198,True,0.9522497722874828,0.9574817022101154
5737,11674,198,198,True,0.7957546708743795,0.8332695538867742
5738,11675,198,198,True,0.9330444339223198,0.9232162327042743
5739,11676,198,198,True,0.5374566305378313,0.6120811164841358
5740,11678,198,198,True,0.645171696500537,0.7039386754470432
5741,11679,198,198,True,0.8333151015072459,0.8173973283045651
5742,11680,198,198,True,0.9127839365324533,0.9185179277167117
5743,11683,198,198,True,0.9445275167907348,0.9366699837782587
5744,11684,198,195,False,0.6858972403656487,0.6998197355705735
5745,11687,198,198,True,0.5327504115750349,0.5919701873069494
5746,11689,198,198,True,0.8150231827842213,0.8070772797826707
5747,11692,198,198,True,0.3657199939297532,0.375016395121836
5748,11693,198,198,True,0.9372499007459422,0.9511960888845629
5749,11695,198,194,False,0.7217809987610277,0.8481564527559512
5750,11699,198,198,True,0.6237726451683553,0.652468969436978
5751,11700,198,198,True,0.8474386918459025,0.8376376471473939
5752,11701,198,198,True,0.5903199550694584,0.6611564274329712
5753,11704,198,198,True,0.842158463400576,0.8436894101437798
5754,11707,198,195,False,0.795015970051771,0.8118196908330648
5755,11709,198,198,True,0.8519681751521633,0.833823811861738
5756,11711,198,198,True,0.6751166899076281,0.7457149486414839
5757,11712,198,198,True,0.8985388737367058,0.9347749945002537
5758,11713,198,198,True,0.5129241980975746,0.6275243911853323
5759,11714,198,198,True,0.912024836799338,0.9295239111901292
5760,11720,198,198,True,0.6155412257862417,0.689248263765647
5761,11723,198,169,False,0.9312972630097387,0.9199273373452204
5762,11725,198,198,True,0.7085883588586477,0.7710337467253434
5763,11727,198,198,True,0.8991413768126023,0.8169067178114908
5764,11729,199,199,True,0.7665504643968127,0.788516835788338
5765,11730,199,199,True,0.4073245351153515,0.39367582276152335
5766,11733,199,199,True,0.6616531875389492,0.7780714479564015
5767,11735,199,199,True,0.7129038447200855,0.8454054347359732
5768,11737,199,199,True,0.6834146177066731,0.6921884685557705
5769,11740,199,199,True,0.3521004340501758,0.34427353423330687
5770,11741,199,199,True,0.9534293883503454,0.9393502792915924
5771,11742,199,199,True,0.7611641720386724,0.7580323715798136
5772,11744,199,199,True,0.3843466867592857,0.2948050161057778
5773,11745,199,199,True,0.8758563969795503,0.9368836780364751
5774,11747,199,199,True,0.8037091347060609,0.8304697269636642
5775,11749,199,199,True,0.8960310334708832,0.8861824665726292
5776,11751,199,199,True,0.7202113836795392,0.6711055690605149
5777,11756,199,199,True,0.5988589679589729,0.7414219446057954
5778,11757,199,199,True,0.46415336330504275,0.5051685138172777
5779,11761,199,199,True,0.7568202853475641,0.7705871423348089
5780,11764,199,199,True,0.1718071825481718,0.2061132379828615
5781,11766,199,199,True,0.562754615187585,0.7080424749942046
5782,11768,199,199,True,0.8046594038758019,0.8257046385573634
5783,11769,199,199,True,0.6226252011814835,0.7011349062905159
5784,11771,199,199,True,0.580890053885215,0.6090230395830207
5785,11773,199,199,True,0.7420084059532724,0.8013519947079986
5786,11775,199,199,True,0.824002601050998,0.8349444277739146
5787,11777,199,199,True,0.4009533247652817,0.43365712693585523
5788,11779,199,199,True,0.7597544884758104,0.7918217255069625
5789,11780,199,199,True,0.5616995163754112,0.5142024479375639
5790,11783,199,199,True,0.7087711068652923,0.8374817336393529
5791,11785,199,199,True,0.5291300373815833,0.6075688149566795
5792,11786,199,199,True,0.43317347454524263,0.5057997268829836
5793,11788,199,199,True,0.7178602099802629,0.7249444798016805
